image_path,label,anomaly_type,anomaly_score,max_patch_row,max_patch_col
C:\Users\User\Desktop\DefectRAG\data\mvtec_loco_ad\breakfast_box\test\good\000.png,0,good,0.059610944241285324,11,11
C:\Users\User\Desktop\DefectRAG\data\mvtec_loco_ad\breakfast_box\test\good\001.png,0,good,0.06318318098783493,8,9
C:\Users\User\Desktop\DefectRAG\data\mvtec_loco_ad\breakfast_box\test\good\002.png,0,good,0.0673070177435875,12,10
C:\Users\User\Desktop\DefectRAG\data\mvtec_loco_ad\breakfast_box\test\good\003.png,0,good,0.07001952081918716,8,9
C:\Users\User\Desktop\DefectRAG\data\mvtec_loco_ad\breakfast_box\test\good\004.png,0,good,0.07078301161527634,1,3
C:\Users\User\Desktop\DefectRAG\data\mvtec_loco_ad\breakfast_box\test\good\005.png,0,good,0.057294558733701706,9,10
C:\Users\User\Desktop\DefectRAG\data\mvtec_loco_ad\breakfast_box\test\good\006.png,0,good,0.06154625117778778,11,9
C:\Users\User\Desktop\DefectRAG\data\mvtec_loco_ad\breakfast_box\test\good\007.png,0,good,0.06538846343755722,9,9
C:\Users\User\Desktop\DefectRAG\data\mvtec_loco_ad\breakfast_box\test\good\008.png,0,good,0.06685317307710648,8,12
C:\Users\User\Desktop\DefectRAG\data\mvtec_loco_ad\breakfast_box\test\good\009.png,0,good,0.06586036086082458,7,8
C:\Users\User\Desktop\DefectRAG\data\mvtec_loco_ad\breakfast_box\test\good\010.png,0,good,0.07273007929325104,11,9
C:\Users\User\Desktop\DefectRAG\data\mvtec_loco_ad\breakfast_box\test\good\011.png,0,good,0.05957354977726936,9,11
C:\Users\User\Desktop\DefectRAG\data\mvtec_loco_ad\breakfast_box\test\good\012.png,0,good,0.07101985067129135,9,8
C:\Users\User\Desktop\DefectRAG\data\mvtec_loco_ad\breakfast_box\test\good\013.png,0,good,0.06845178455114365,10,8
C:\Users\User\Desktop\DefectRAG\data\mvtec_loco_ad\breakfast_box\test\good\014.png,0,good,0.06812059134244919,7,8
C:\Users\User\Desktop\DefectRAG\data\mvtec_loco_ad\breakfast_box\test\good\015.png,0,good,0.0575534924864769,8,12
C:\Users\User\Desktop\DefectRAG\data\mvtec_loco_ad\breakfast_box\test\good\016.png,0,good,0.06868910789489746,9,11
C:\Users\User\Desktop\DefectRAG\data\mvtec_loco_ad\breakfast_box\test\good\017.png,0,good,0.05845273658633232,11,8
C:\Users\User\Desktop\DefectRAG\data\mvtec_loco_ad\breakfast_box\test\good\018.png,0,good,0.06101945787668228,9,8
C:\Users\User\Desktop\DefectRAG\data\mvtec_loco_ad\breakfast_box\test\good\019.png,0,good,0.0646933987736702,8,12
C:\Users\User\Desktop\DefectRAG\data\mvtec_loco_ad\breakfast_box\test\good\020.png,0,good,0.0660008043050766,11,9
C:\Users\User\Desktop\DefectRAG\data\mvtec_loco_ad\breakfast_box\test\good\021.png,0,good,0.0630323737859726,12,10
C:\Users\User\Desktop\DefectRAG\data\mvtec_loco_ad\breakfast_box\test\good\022.png,0,good,0.07370607554912567,9,12
C:\Users\User\Desktop\DefectRAG\data\mvtec_loco_ad\breakfast_box\test\good\023.png,0,good,0.06224757805466652,8,9
C:\Users\User\Desktop\DefectRAG\data\mvtec_loco_ad\breakfast_box\test\good\024.png,0,good,0.06597452610731125,7,8
C:\Users\User\Desktop\DefectRAG\data\mvtec_loco_ad\breakfast_box\test\good\025.png,0,good,0.055994898080825806,7,7
C:\Users\User\Desktop\DefectRAG\data\mvtec_loco_ad\breakfast_box\test\good\026.png,0,good,0.07126878947019577,10,8
C:\Users\User\Desktop\DefectRAG\data\mvtec_loco_ad\breakfast_box\test\good\027.png,0,good,0.06044617295265198,9,11
C:\Users\User\Desktop\DefectRAG\data\mvtec_loco_ad\breakfast_box\test\good\028.png,0,good,0.06506993621587753,11,7
C:\Users\User\Desktop\DefectRAG\data\mvtec_loco_ad\breakfast_box\test\good\029.png,0,good,0.07111594080924988,10,9
C:\Users\User\Desktop\DefectRAG\data\mvtec_loco_ad\breakfast_box\test\good\030.png,0,good,0.07772410660982132,9,12
C:\Users\User\Desktop\DefectRAG\data\mvtec_loco_ad\breakfast_box\test\good\031.png,0,good,0.06266139447689056,11,8
C:\Users\User\Desktop\DefectRAG\data\mvtec_loco_ad\breakfast_box\test\good\032.png,0,good,0.07038210332393646,9,10
C:\Users\User\Desktop\DefectRAG\data\mvtec_loco_ad\breakfast_box\test\good\033.png,0,good,0.058524973690509796,8,10
C:\Users\User\Desktop\DefectRAG\data\mvtec_loco_ad\breakfast_box\test\good\034.png,0,good,0.07817726582288742,8,7
C:\Users\User\Desktop\DefectRAG\data\mvtec_loco_ad\breakfast_box\test\good\035.png,0,good,0.05719204992055893,10,12
C:\Users\User\Desktop\DefectRAG\data\mvtec_loco_ad\breakfast_box\test\good\036.png,0,good,0.07247864454984665,8,7
C:\Users\User\Desktop\DefectRAG\data\mvtec_loco_ad\breakfast_box\test\good\037.png,0,good,0.0711197555065155,11,10
C:\Users\User\Desktop\DefectRAG\data\mvtec_loco_ad\breakfast_box\test\good\038.png,0,good,0.06351940333843231,10,11
C:\Users\User\Desktop\DefectRAG\data\mvtec_loco_ad\breakfast_box\test\good\039.png,0,good,0.06449398398399353,9,10
C:\Users\User\Desktop\DefectRAG\data\mvtec_loco_ad\breakfast_box\test\good\040.png,0,good,0.05619266256690025,7,11
C:\Users\User\Desktop\DefectRAG\data\mvtec_loco_ad\breakfast_box\test\good\041.png,0,good,0.0712776929140091,9,10
C:\Users\User\Desktop\DefectRAG\data\mvtec_loco_ad\breakfast_box\test\good\042.png,0,good,0.07304384559392929,11,8
C:\Users\User\Desktop\DefectRAG\data\mvtec_loco_ad\breakfast_box\test\good\043.png,0,good,0.06626509130001068,11,7
C:\Users\User\Desktop\DefectRAG\data\mvtec_loco_ad\breakfast_box\test\good\044.png,0,good,0.06447169929742813,4,10
C:\Users\User\Desktop\DefectRAG\data\mvtec_loco_ad\breakfast_box\test\good\045.png,0,good,0.07626696676015854,10,8
C:\Users\User\Desktop\DefectRAG\data\mvtec_loco_ad\breakfast_box\test\good\046.png,0,good,0.06302203983068466,11,8
C:\Users\User\Desktop\DefectRAG\data\mvtec_loco_ad\breakfast_box\test\good\047.png,0,good,0.058415062725543976,8,9
C:\Users\User\Desktop\DefectRAG\data\mvtec_loco_ad\breakfast_box\test\good\048.png,0,good,0.058249812573194504,8,7
C:\Users\User\Desktop\DefectRAG\data\mvtec_loco_ad\breakfast_box\test\good\049.png,0,good,0.05982888489961624,11,9
C:\Users\User\Desktop\DefectRAG\data\mvtec_loco_ad\breakfast_box\test\good\050.png,0,good,0.05630891025066376,10,12
C:\Users\User\Desktop\DefectRAG\data\mvtec_loco_ad\breakfast_box\test\good\051.png,0,good,0.06175193190574646,8,8
C:\Users\User\Desktop\DefectRAG\data\mvtec_loco_ad\breakfast_box\test\good\052.png,0,good,0.056121908128261566,12,9
C:\Users\User\Desktop\DefectRAG\data\mvtec_loco_ad\breakfast_box\test\good\053.png,0,good,0.08956512063741684,9,8
C:\Users\User\Desktop\DefectRAG\data\mvtec_loco_ad\breakfast_box\test\good\054.png,0,good,0.07197224348783493,8,7
C:\Users\User\Desktop\DefectRAG\data\mvtec_loco_ad\breakfast_box\test\good\055.png,0,good,0.0695154070854187,7,12
C:\Users\User\Desktop\DefectRAG\data\mvtec_loco_ad\breakfast_box\test\good\056.png,0,good,0.06043172627687454,10,8
C:\Users\User\Desktop\DefectRAG\data\mvtec_loco_ad\breakfast_box\test\good\057.png,0,good,0.06670501083135605,10,11
C:\Users\User\Desktop\DefectRAG\data\mvtec_loco_ad\breakfast_box\test\good\058.png,0,good,0.06405734270811081,8,8
C:\Users\User\Desktop\DefectRAG\data\mvtec_loco_ad\breakfast_box\test\good\059.png,0,good,0.07773461192846298,12,10
C:\Users\User\Desktop\DefectRAG\data\mvtec_loco_ad\breakfast_box\test\good\060.png,0,good,0.07028387486934662,10,12
C:\Users\User\Desktop\DefectRAG\data\mvtec_loco_ad\breakfast_box\test\good\061.png,0,good,0.058962784707546234,10,10
C:\Users\User\Desktop\DefectRAG\data\mvtec_loco_ad\breakfast_box\test\good\062.png,0,good,0.07503142207860947,1,3
C:\Users\User\Desktop\DefectRAG\data\mvtec_loco_ad\breakfast_box\test\good\063.png,0,good,0.0573531836271286,10,11
C:\Users\User\Desktop\DefectRAG\data\mvtec_loco_ad\breakfast_box\test\good\064.png,0,good,0.06923526525497437,9,9
C:\Users\User\Desktop\DefectRAG\data\mvtec_loco_ad\breakfast_box\test\good\065.png,0,good,0.06891664117574692,11,8
C:\Users\User\Desktop\DefectRAG\data\mvtec_loco_ad\breakfast_box\test\good\066.png,0,good,0.061927713453769684,9,8
C:\Users\User\Desktop\DefectRAG\data\mvtec_loco_ad\breakfast_box\test\good\067.png,0,good,0.058876264840364456,11,11
C:\Users\User\Desktop\DefectRAG\data\mvtec_loco_ad\breakfast_box\test\good\068.png,0,good,0.05421534180641174,7,1
C:\Users\User\Desktop\DefectRAG\data\mvtec_loco_ad\breakfast_box\test\good\069.png,0,good,0.06668275594711304,11,9
C:\Users\User\Desktop\DefectRAG\data\mvtec_loco_ad\breakfast_box\test\good\070.png,0,good,0.0559261329472065,12,9
C:\Users\User\Desktop\DefectRAG\data\mvtec_loco_ad\breakfast_box\test\good\071.png,0,good,0.05596444383263588,9,9
C:\Users\User\Desktop\DefectRAG\data\mvtec_loco_ad\breakfast_box\test\good\072.png,0,good,0.060449160635471344,11,7
C:\Users\User\Desktop\DefectRAG\data\mvtec_loco_ad\breakfast_box\test\good\073.png,0,good,0.06244488060474396,10,10
C:\Users\User\Desktop\DefectRAG\data\mvtec_loco_ad\breakfast_box\test\good\074.png,0,good,0.07625864446163177,8,9
C:\Users\User\Desktop\DefectRAG\data\mvtec_loco_ad\breakfast_box\test\good\075.png,0,good,0.08101405948400497,8,12
C:\Users\User\Desktop\DefectRAG\data\mvtec_loco_ad\breakfast_box\test\good\076.png,0,good,0.06185029819607735,9,7
C:\Users\User\Desktop\DefectRAG\data\mvtec_loco_ad\breakfast_box\test\good\077.png,0,good,0.06791188567876816,9,8
C:\Users\User\Desktop\DefectRAG\data\mvtec_loco_ad\breakfast_box\test\good\078.png,0,good,0.06397540867328644,7,2
C:\Users\User\Desktop\DefectRAG\data\mvtec_loco_ad\breakfast_box\test\good\079.png,0,good,0.07737605273723602,10,7
C:\Users\User\Desktop\DefectRAG\data\mvtec_loco_ad\breakfast_box\test\good\080.png,0,good,0.06833519041538239,10,10
C:\Users\User\Desktop\DefectRAG\data\mvtec_loco_ad\breakfast_box\test\good\081.png,0,good,0.06598402559757233,8,7
C:\Users\User\Desktop\DefectRAG\data\mvtec_loco_ad\breakfast_box\test\good\082.png,0,good,0.06893286854028702,9,8
C:\Users\User\Desktop\DefectRAG\data\mvtec_loco_ad\breakfast_box\test\good\083.png,0,good,0.06469781696796417,11,10
C:\Users\User\Desktop\DefectRAG\data\mvtec_loco_ad\breakfast_box\test\good\084.png,0,good,0.061239492148160934,9,9
C:\Users\User\Desktop\DefectRAG\data\mvtec_loco_ad\breakfast_box\test\good\085.png,0,good,0.06858912855386734,11,8
C:\Users\User\Desktop\DefectRAG\data\mvtec_loco_ad\breakfast_box\test\good\086.png,0,good,0.07306601107120514,10,7
C:\Users\User\Desktop\DefectRAG\data\mvtec_loco_ad\breakfast_box\test\good\087.png,0,good,0.05564449355006218,11,8
C:\Users\User\Desktop\DefectRAG\data\mvtec_loco_ad\breakfast_box\test\good\088.png,0,good,0.06455962359905243,9,11
C:\Users\User\Desktop\DefectRAG\data\mvtec_loco_ad\breakfast_box\test\good\089.png,0,good,0.06191596761345863,10,12
C:\Users\User\Desktop\DefectRAG\data\mvtec_loco_ad\breakfast_box\test\good\090.png,0,good,0.05722155049443245,10,11
C:\Users\User\Desktop\DefectRAG\data\mvtec_loco_ad\breakfast_box\test\good\091.png,0,good,0.07418273389339447,8,8
C:\Users\User\Desktop\DefectRAG\data\mvtec_loco_ad\breakfast_box\test\good\092.png,0,good,0.07125085592269897,9,7
C:\Users\User\Desktop\DefectRAG\data\mvtec_loco_ad\breakfast_box\test\good\093.png,0,good,0.05792947858572006,11,1
C:\Users\User\Desktop\DefectRAG\data\mvtec_loco_ad\breakfast_box\test\good\094.png,0,good,0.053911685943603516,9,11
C:\Users\User\Desktop\DefectRAG\data\mvtec_loco_ad\breakfast_box\test\good\095.png,0,good,0.06375500559806824,9,8
C:\Users\User\Desktop\DefectRAG\data\mvtec_loco_ad\breakfast_box\test\good\096.png,0,good,0.06261079013347626,10,11
C:\Users\User\Desktop\DefectRAG\data\mvtec_loco_ad\breakfast_box\test\good\097.png,0,good,0.06299211829900742,9,12
C:\Users\User\Desktop\DefectRAG\data\mvtec_loco_ad\breakfast_box\test\good\098.png,0,good,0.06552135199308395,11,8
C:\Users\User\Desktop\DefectRAG\data\mvtec_loco_ad\breakfast_box\test\good\099.png,0,good,0.06915400922298431,0,13
C:\Users\User\Desktop\DefectRAG\data\mvtec_loco_ad\breakfast_box\test\good\100.png,0,good,0.06236467882990837,10,7
C:\Users\User\Desktop\DefectRAG\data\mvtec_loco_ad\breakfast_box\test\good\101.png,0,good,0.05868186429142952,11,10
C:\Users\User\Desktop\DefectRAG\data\mvtec_loco_ad\breakfast_box\test\logical_anomalies\000.png,1,logical_anomalies,0.09299313277006149,3,12
C:\Users\User\Desktop\DefectRAG\data\mvtec_loco_ad\breakfast_box\test\logical_anomalies\001.png,1,logical_anomalies,0.10053092241287231,6,12
C:\Users\User\Desktop\DefectRAG\data\mvtec_loco_ad\breakfast_box\test\logical_anomalies\002.png,1,logical_anomalies,0.10185949504375458,8,1
C:\Users\User\Desktop\DefectRAG\data\mvtec_loco_ad\breakfast_box\test\logical_anomalies\003.png,1,logical_anomalies,0.06826817989349365,11,12
C:\Users\User\Desktop\DefectRAG\data\mvtec_loco_ad\breakfast_box\test\logical_anomalies\004.png,1,logical_anomalies,0.07046534866094589,11,9
C:\Users\User\Desktop\DefectRAG\data\mvtec_loco_ad\breakfast_box\test\logical_anomalies\005.png,1,logical_anomalies,0.06833817809820175,7,9
C:\Users\User\Desktop\DefectRAG\data\mvtec_loco_ad\breakfast_box\test\logical_anomalies\006.png,1,logical_anomalies,0.06452570855617523,8,7
C:\Users\User\Desktop\DefectRAG\data\mvtec_loco_ad\breakfast_box\test\logical_anomalies\007.png,1,logical_anomalies,0.08780024200677872,8,12
C:\Users\User\Desktop\DefectRAG\data\mvtec_loco_ad\breakfast_box\test\logical_anomalies\008.png,1,logical_anomalies,0.078948974609375,10,8
C:\Users\User\Desktop\DefectRAG\data\mvtec_loco_ad\breakfast_box\test\logical_anomalies\009.png,1,logical_anomalies,0.07594378292560577,9,10
C:\Users\User\Desktop\DefectRAG\data\mvtec_loco_ad\breakfast_box\test\logical_anomalies\010.png,1,logical_anomalies,0.061367448419332504,11,11
C:\Users\User\Desktop\DefectRAG\data\mvtec_loco_ad\breakfast_box\test\logical_anomalies\011.png,1,logical_anomalies,0.07538150995969772,9,9
C:\Users\User\Desktop\DefectRAG\data\mvtec_loco_ad\breakfast_box\test\logical_anomalies\012.png,1,logical_anomalies,0.07367243617773056,10,9
C:\Users\User\Desktop\DefectRAG\data\mvtec_loco_ad\breakfast_box\test\logical_anomalies\013.png,1,logical_anomalies,0.06528569757938385,8,8
C:\Users\User\Desktop\DefectRAG\data\mvtec_loco_ad\breakfast_box\test\logical_anomalies\014.png,1,logical_anomalies,0.08654195815324783,11,9
C:\Users\User\Desktop\DefectRAG\data\mvtec_loco_ad\breakfast_box\test\logical_anomalies\015.png,1,logical_anomalies,0.06136166304349899,11,9
C:\Users\User\Desktop\DefectRAG\data\mvtec_loco_ad\breakfast_box\test\logical_anomalies\016.png,1,logical_anomalies,0.0614192970097065,10,11
C:\Users\User\Desktop\DefectRAG\data\mvtec_loco_ad\breakfast_box\test\logical_anomalies\017.png,1,logical_anomalies,0.06929495185613632,9,9
C:\Users\User\Desktop\DefectRAG\data\mvtec_loco_ad\breakfast_box\test\logical_anomalies\018.png,1,logical_anomalies,0.05942491441965103,11,7
C:\Users\User\Desktop\DefectRAG\data\mvtec_loco_ad\breakfast_box\test\logical_anomalies\019.png,1,logical_anomalies,0.06904750317335129,11,7
C:\Users\User\Desktop\DefectRAG\data\mvtec_loco_ad\breakfast_box\test\logical_anomalies\020.png,1,logical_anomalies,0.06330197304487228,2,1
C:\Users\User\Desktop\DefectRAG\data\mvtec_loco_ad\breakfast_box\test\logical_anomalies\021.png,1,logical_anomalies,0.06606768816709518,9,7
C:\Users\User\Desktop\DefectRAG\data\mvtec_loco_ad\breakfast_box\test\logical_anomalies\022.png,1,logical_anomalies,0.06654778867959976,8,9
C:\Users\User\Desktop\DefectRAG\data\mvtec_loco_ad\breakfast_box\test\logical_anomalies\023.png,1,logical_anomalies,0.06766057014465332,11,9
C:\Users\User\Desktop\DefectRAG\data\mvtec_loco_ad\breakfast_box\test\logical_anomalies\024.png,1,logical_anomalies,0.07126588374376297,11,7
C:\Users\User\Desktop\DefectRAG\data\mvtec_loco_ad\breakfast_box\test\logical_anomalies\025.png,1,logical_anomalies,0.14299187064170837,5,10
C:\Users\User\Desktop\DefectRAG\data\mvtec_loco_ad\breakfast_box\test\logical_anomalies\026.png,1,logical_anomalies,0.15100431442260742,4,9
C:\Users\User\Desktop\DefectRAG\data\mvtec_loco_ad\breakfast_box\test\logical_anomalies\027.png,1,logical_anomalies,0.14096271991729736,6,10
C:\Users\User\Desktop\DefectRAG\data\mvtec_loco_ad\breakfast_box\test\logical_anomalies\028.png,1,logical_anomalies,0.13737399876117706,5,8
C:\Users\User\Desktop\DefectRAG\data\mvtec_loco_ad\breakfast_box\test\logical_anomalies\029.png,1,logical_anomalies,0.1465892493724823,5,9
C:\Users\User\Desktop\DefectRAG\data\mvtec_loco_ad\breakfast_box\test\logical_anomalies\030.png,1,logical_anomalies,0.15181393921375275,4,9
C:\Users\User\Desktop\DefectRAG\data\mvtec_loco_ad\breakfast_box\test\logical_anomalies\031.png,1,logical_anomalies,0.13739201426506042,5,9
C:\Users\User\Desktop\DefectRAG\data\mvtec_loco_ad\breakfast_box\test\logical_anomalies\032.png,1,logical_anomalies,0.14372381567955017,5,9
C:\Users\User\Desktop\DefectRAG\data\mvtec_loco_ad\breakfast_box\test\logical_anomalies\033.png,1,logical_anomalies,0.2219916582107544,5,10
C:\Users\User\Desktop\DefectRAG\data\mvtec_loco_ad\breakfast_box\test\logical_anomalies\034.png,1,logical_anomalies,0.21719110012054443,5,10
C:\Users\User\Desktop\DefectRAG\data\mvtec_loco_ad\breakfast_box\test\logical_anomalies\035.png,1,logical_anomalies,0.21351118385791779,4,10
C:\Users\User\Desktop\DefectRAG\data\mvtec_loco_ad\breakfast_box\test\logical_anomalies\036.png,1,logical_anomalies,0.21615025401115417,4,10
C:\Users\User\Desktop\DefectRAG\data\mvtec_loco_ad\breakfast_box\test\logical_anomalies\037.png,1,logical_anomalies,0.09064745903015137,10,9
C:\Users\User\Desktop\DefectRAG\data\mvtec_loco_ad\breakfast_box\test\logical_anomalies\038.png,1,logical_anomalies,0.10959909111261368,9,10
C:\Users\User\Desktop\DefectRAG\data\mvtec_loco_ad\breakfast_box\test\logical_anomalies\039.png,1,logical_anomalies,0.10310620069503784,9,10
C:\Users\User\Desktop\DefectRAG\data\mvtec_loco_ad\breakfast_box\test\logical_anomalies\040.png,1,logical_anomalies,0.10004358738660812,9,10
C:\Users\User\Desktop\DefectRAG\data\mvtec_loco_ad\breakfast_box\test\logical_anomalies\041.png,1,logical_anomalies,0.11059680581092834,9,10
C:\Users\User\Desktop\DefectRAG\data\mvtec_loco_ad\breakfast_box\test\logical_anomalies\042.png,1,logical_anomalies,0.11855830997228622,9,10
C:\Users\User\Desktop\DefectRAG\data\mvtec_loco_ad\breakfast_box\test\logical_anomalies\043.png,1,logical_anomalies,0.11882547289133072,9,10
C:\Users\User\Desktop\DefectRAG\data\mvtec_loco_ad\breakfast_box\test\logical_anomalies\044.png,1,logical_anomalies,0.06716418266296387,3,4
C:\Users\User\Desktop\DefectRAG\data\mvtec_loco_ad\breakfast_box\test\logical_anomalies\045.png,1,logical_anomalies,0.0922723039984703,5,2
C:\Users\User\Desktop\DefectRAG\data\mvtec_loco_ad\breakfast_box\test\logical_anomalies\046.png,1,logical_anomalies,0.080542653799057,5,4
C:\Users\User\Desktop\DefectRAG\data\mvtec_loco_ad\breakfast_box\test\logical_anomalies\047.png,1,logical_anomalies,0.07260138541460037,5,4
C:\Users\User\Desktop\DefectRAG\data\mvtec_loco_ad\breakfast_box\test\logical_anomalies\048.png,1,logical_anomalies,0.06438590586185455,9,7
C:\Users\User\Desktop\DefectRAG\data\mvtec_loco_ad\breakfast_box\test\logical_anomalies\049.png,1,logical_anomalies,0.0799272283911705,8,12
C:\Users\User\Desktop\DefectRAG\data\mvtec_loco_ad\breakfast_box\test\logical_anomalies\050.png,1,logical_anomalies,0.08318755775690079,8,7
C:\Users\User\Desktop\DefectRAG\data\mvtec_loco_ad\breakfast_box\test\logical_anomalies\051.png,1,logical_anomalies,0.07094556093215942,9,11
C:\Users\User\Desktop\DefectRAG\data\mvtec_loco_ad\breakfast_box\test\logical_anomalies\052.png,1,logical_anomalies,0.0720057263970375,11,11
C:\Users\User\Desktop\DefectRAG\data\mvtec_loco_ad\breakfast_box\test\logical_anomalies\053.png,1,logical_anomalies,0.07659206539392471,9,4
C:\Users\User\Desktop\DefectRAG\data\mvtec_loco_ad\breakfast_box\test\logical_anomalies\054.png,1,logical_anomalies,0.06668336689472198,2,1
C:\Users\User\Desktop\DefectRAG\data\mvtec_loco_ad\breakfast_box\test\logical_anomalies\055.png,1,logical_anomalies,0.06308925896883011,7,9
C:\Users\User\Desktop\DefectRAG\data\mvtec_loco_ad\breakfast_box\test\logical_anomalies\056.png,1,logical_anomalies,0.08242876082658768,10,8
C:\Users\User\Desktop\DefectRAG\data\mvtec_loco_ad\breakfast_box\test\logical_anomalies\057.png,1,logical_anomalies,0.06680077314376831,9,7
C:\Users\User\Desktop\DefectRAG\data\mvtec_loco_ad\breakfast_box\test\logical_anomalies\058.png,1,logical_anomalies,0.07739316672086716,3,2
C:\Users\User\Desktop\DefectRAG\data\mvtec_loco_ad\breakfast_box\test\logical_anomalies\059.png,1,logical_anomalies,0.06339095532894135,3,3
C:\Users\User\Desktop\DefectRAG\data\mvtec_loco_ad\breakfast_box\test\logical_anomalies\060.png,1,logical_anomalies,0.07497186213731766,8,9
C:\Users\User\Desktop\DefectRAG\data\mvtec_loco_ad\breakfast_box\test\logical_anomalies\061.png,1,logical_anomalies,0.08534599095582962,3,3
C:\Users\User\Desktop\DefectRAG\data\mvtec_loco_ad\breakfast_box\test\logical_anomalies\062.png,1,logical_anomalies,0.07151106745004654,3,2
C:\Users\User\Desktop\DefectRAG\data\mvtec_loco_ad\breakfast_box\test\logical_anomalies\063.png,1,logical_anomalies,0.0702299103140831,8,12
C:\Users\User\Desktop\DefectRAG\data\mvtec_loco_ad\breakfast_box\test\logical_anomalies\064.png,1,logical_anomalies,0.06224198266863823,9,9
C:\Users\User\Desktop\DefectRAG\data\mvtec_loco_ad\breakfast_box\test\logical_anomalies\065.png,1,logical_anomalies,0.13057003915309906,5,3
C:\Users\User\Desktop\DefectRAG\data\mvtec_loco_ad\breakfast_box\test\logical_anomalies\066.png,1,logical_anomalies,0.06298331171274185,10,8
C:\Users\User\Desktop\DefectRAG\data\mvtec_loco_ad\breakfast_box\test\logical_anomalies\067.png,1,logical_anomalies,0.11604050546884537,5,3
C:\Users\User\Desktop\DefectRAG\data\mvtec_loco_ad\breakfast_box\test\logical_anomalies\068.png,1,logical_anomalies,0.08063870668411255,9,8
C:\Users\User\Desktop\DefectRAG\data\mvtec_loco_ad\breakfast_box\test\logical_anomalies\069.png,1,logical_anomalies,0.06826576590538025,8,8
C:\Users\User\Desktop\DefectRAG\data\mvtec_loco_ad\breakfast_box\test\logical_anomalies\070.png,1,logical_anomalies,0.08182259649038315,7,9
C:\Users\User\Desktop\DefectRAG\data\mvtec_loco_ad\breakfast_box\test\logical_anomalies\071.png,1,logical_anomalies,0.09075773507356644,6,12
C:\Users\User\Desktop\DefectRAG\data\mvtec_loco_ad\breakfast_box\test\logical_anomalies\072.png,1,logical_anomalies,0.062387339770793915,8,4
C:\Users\User\Desktop\DefectRAG\data\mvtec_loco_ad\breakfast_box\test\logical_anomalies\073.png,1,logical_anomalies,0.07016026228666306,10,8
C:\Users\User\Desktop\DefectRAG\data\mvtec_loco_ad\breakfast_box\test\logical_anomalies\074.png,1,logical_anomalies,0.06820259243249893,5,6
C:\Users\User\Desktop\DefectRAG\data\mvtec_loco_ad\breakfast_box\test\logical_anomalies\075.png,1,logical_anomalies,0.05877206102013588,12,9
C:\Users\User\Desktop\DefectRAG\data\mvtec_loco_ad\breakfast_box\test\logical_anomalies\076.png,1,logical_anomalies,0.06785906106233597,10,12
C:\Users\User\Desktop\DefectRAG\data\mvtec_loco_ad\breakfast_box\test\logical_anomalies\077.png,1,logical_anomalies,0.0543421134352684,11,10
C:\Users\User\Desktop\DefectRAG\data\mvtec_loco_ad\breakfast_box\test\logical_anomalies\078.png,1,logical_anomalies,0.11000356823205948,1,9
C:\Users\User\Desktop\DefectRAG\data\mvtec_loco_ad\breakfast_box\test\logical_anomalies\079.png,1,logical_anomalies,0.11316094547510147,1,8
C:\Users\User\Desktop\DefectRAG\data\mvtec_loco_ad\breakfast_box\test\logical_anomalies\080.png,1,logical_anomalies,0.06760159879922867,10,9
C:\Users\User\Desktop\DefectRAG\data\mvtec_loco_ad\breakfast_box\test\logical_anomalies\081.png,1,logical_anomalies,0.06163903325796127,11,7
C:\Users\User\Desktop\DefectRAG\data\mvtec_loco_ad\breakfast_box\test\logical_anomalies\082.png,1,logical_anomalies,0.11462908983230591,1,7
C:\Users\User\Desktop\DefectRAG\data\mvtec_loco_ad\breakfast_box\test\structural_anomalies\000.png,1,structural_anomalies,0.061505068093538284,10,11
C:\Users\User\Desktop\DefectRAG\data\mvtec_loco_ad\breakfast_box\test\structural_anomalies\001.png,1,structural_anomalies,0.05769296735525131,11,9
C:\Users\User\Desktop\DefectRAG\data\mvtec_loco_ad\breakfast_box\test\structural_anomalies\002.png,1,structural_anomalies,0.07964868098497391,11,8
C:\Users\User\Desktop\DefectRAG\data\mvtec_loco_ad\breakfast_box\test\structural_anomalies\003.png,1,structural_anomalies,0.07205396890640259,11,9
C:\Users\User\Desktop\DefectRAG\data\mvtec_loco_ad\breakfast_box\test\structural_anomalies\004.png,1,structural_anomalies,0.13583889603614807,10,10
C:\Users\User\Desktop\DefectRAG\data\mvtec_loco_ad\breakfast_box\test\structural_anomalies\005.png,1,structural_anomalies,0.07017312198877335,8,9
C:\Users\User\Desktop\DefectRAG\data\mvtec_loco_ad\breakfast_box\test\structural_anomalies\006.png,1,structural_anomalies,0.05801508203148842,8,9
C:\Users\User\Desktop\DefectRAG\data\mvtec_loco_ad\breakfast_box\test\structural_anomalies\007.png,1,structural_anomalies,0.07619239389896393,10,5
C:\Users\User\Desktop\DefectRAG\data\mvtec_loco_ad\breakfast_box\test\structural_anomalies\008.png,1,structural_anomalies,0.08566025644540787,11,5
C:\Users\User\Desktop\DefectRAG\data\mvtec_loco_ad\breakfast_box\test\structural_anomalies\009.png,1,structural_anomalies,0.06788136810064316,10,9
C:\Users\User\Desktop\DefectRAG\data\mvtec_loco_ad\breakfast_box\test\structural_anomalies\010.png,1,structural_anomalies,0.099740169942379,6,0
C:\Users\User\Desktop\DefectRAG\data\mvtec_loco_ad\breakfast_box\test\structural_anomalies\011.png,1,structural_anomalies,0.10267291218042374,9,8
C:\Users\User\Desktop\DefectRAG\data\mvtec_loco_ad\breakfast_box\test\structural_anomalies\012.png,1,structural_anomalies,0.07349872589111328,3,11
C:\Users\User\Desktop\DefectRAG\data\mvtec_loco_ad\breakfast_box\test\structural_anomalies\013.png,1,structural_anomalies,0.059693023562431335,10,8
C:\Users\User\Desktop\DefectRAG\data\mvtec_loco_ad\breakfast_box\test\structural_anomalies\014.png,1,structural_anomalies,0.08727815002202988,7,5
C:\Users\User\Desktop\DefectRAG\data\mvtec_loco_ad\breakfast_box\test\structural_anomalies\015.png,1,structural_anomalies,0.06649011373519897,10,12
C:\Users\User\Desktop\DefectRAG\data\mvtec_loco_ad\breakfast_box\test\structural_anomalies\016.png,1,structural_anomalies,0.08545014262199402,7,1
C:\Users\User\Desktop\DefectRAG\data\mvtec_loco_ad\breakfast_box\test\structural_anomalies\017.png,1,structural_anomalies,0.08510822057723999,10,5
C:\Users\User\Desktop\DefectRAG\data\mvtec_loco_ad\breakfast_box\test\structural_anomalies\018.png,1,structural_anomalies,0.16321617364883423,7,2
C:\Users\User\Desktop\DefectRAG\data\mvtec_loco_ad\breakfast_box\test\structural_anomalies\019.png,1,structural_anomalies,0.06582577526569366,6,5
C:\Users\User\Desktop\DefectRAG\data\mvtec_loco_ad\breakfast_box\test\structural_anomalies\020.png,1,structural_anomalies,0.08626429736614227,2,8
C:\Users\User\Desktop\DefectRAG\data\mvtec_loco_ad\breakfast_box\test\structural_anomalies\021.png,1,structural_anomalies,0.06441348791122437,10,2
C:\Users\User\Desktop\DefectRAG\data\mvtec_loco_ad\breakfast_box\test\structural_anomalies\022.png,1,structural_anomalies,0.06357908248901367,8,5
C:\Users\User\Desktop\DefectRAG\data\mvtec_loco_ad\breakfast_box\test\structural_anomalies\023.png,1,structural_anomalies,0.06361328810453415,4,8
C:\Users\User\Desktop\DefectRAG\data\mvtec_loco_ad\breakfast_box\test\structural_anomalies\024.png,1,structural_anomalies,0.06968481093645096,5,6
C:\Users\User\Desktop\DefectRAG\data\mvtec_loco_ad\breakfast_box\test\structural_anomalies\025.png,1,structural_anomalies,0.08635027706623077,9,11
C:\Users\User\Desktop\DefectRAG\data\mvtec_loco_ad\breakfast_box\test\structural_anomalies\026.png,1,structural_anomalies,0.06363672018051147,3,8
C:\Users\User\Desktop\DefectRAG\data\mvtec_loco_ad\breakfast_box\test\structural_anomalies\027.png,1,structural_anomalies,0.0676552876830101,6,3
C:\Users\User\Desktop\DefectRAG\data\mvtec_loco_ad\breakfast_box\test\structural_anomalies\028.png,1,structural_anomalies,0.06697967648506165,8,9
C:\Users\User\Desktop\DefectRAG\data\mvtec_loco_ad\breakfast_box\test\structural_anomalies\029.png,1,structural_anomalies,0.0923742726445198,3,10
C:\Users\User\Desktop\DefectRAG\data\mvtec_loco_ad\breakfast_box\test\structural_anomalies\030.png,1,structural_anomalies,0.11814719438552856,9,5
C:\Users\User\Desktop\DefectRAG\data\mvtec_loco_ad\breakfast_box\test\structural_anomalies\031.png,1,structural_anomalies,0.07581032812595367,5,4
C:\Users\User\Desktop\DefectRAG\data\mvtec_loco_ad\breakfast_box\test\structural_anomalies\032.png,1,structural_anomalies,0.08945197612047195,4,10
C:\Users\User\Desktop\DefectRAG\data\mvtec_loco_ad\breakfast_box\test\structural_anomalies\033.png,1,structural_anomalies,0.06094970181584358,4,10
C:\Users\User\Desktop\DefectRAG\data\mvtec_loco_ad\breakfast_box\test\structural_anomalies\034.png,1,structural_anomalies,0.055096738040447235,8,11
C:\Users\User\Desktop\DefectRAG\data\mvtec_loco_ad\breakfast_box\test\structural_anomalies\035.png,1,structural_anomalies,0.0865287259221077,11,9
C:\Users\User\Desktop\DefectRAG\data\mvtec_loco_ad\breakfast_box\test\structural_anomalies\036.png,1,structural_anomalies,0.07563506811857224,3,3
C:\Users\User\Desktop\DefectRAG\data\mvtec_loco_ad\breakfast_box\test\structural_anomalies\037.png,1,structural_anomalies,0.07783393561840057,9,9
C:\Users\User\Desktop\DefectRAG\data\mvtec_loco_ad\breakfast_box\test\structural_anomalies\038.png,1,structural_anomalies,0.06835572421550751,5,10
C:\Users\User\Desktop\DefectRAG\data\mvtec_loco_ad\breakfast_box\test\structural_anomalies\039.png,1,structural_anomalies,0.07148506492376328,4,8
C:\Users\User\Desktop\DefectRAG\data\mvtec_loco_ad\breakfast_box\test\structural_anomalies\040.png,1,structural_anomalies,0.08933625370264053,5,9
C:\Users\User\Desktop\DefectRAG\data\mvtec_loco_ad\breakfast_box\test\structural_anomalies\041.png,1,structural_anomalies,0.07357470691204071,4,9
C:\Users\User\Desktop\DefectRAG\data\mvtec_loco_ad\breakfast_box\test\structural_anomalies\042.png,1,structural_anomalies,0.05779285356402397,5,11
C:\Users\User\Desktop\DefectRAG\data\mvtec_loco_ad\breakfast_box\test\structural_anomalies\043.png,1,structural_anomalies,0.07439123839139938,4,9
C:\Users\User\Desktop\DefectRAG\data\mvtec_loco_ad\breakfast_box\test\structural_anomalies\044.png,1,structural_anomalies,0.0896504670381546,8,9
C:\Users\User\Desktop\DefectRAG\data\mvtec_loco_ad\breakfast_box\test\structural_anomalies\045.png,1,structural_anomalies,0.0605047307908535,10,11
C:\Users\User\Desktop\DefectRAG\data\mvtec_loco_ad\breakfast_box\test\structural_anomalies\046.png,1,structural_anomalies,0.07659555971622467,10,8
C:\Users\User\Desktop\DefectRAG\data\mvtec_loco_ad\breakfast_box\test\structural_anomalies\047.png,1,structural_anomalies,0.0686083436012268,6,3
C:\Users\User\Desktop\DefectRAG\data\mvtec_loco_ad\breakfast_box\test\structural_anomalies\048.png,1,structural_anomalies,0.08399932086467743,5,4
C:\Users\User\Desktop\DefectRAG\data\mvtec_loco_ad\breakfast_box\test\structural_anomalies\049.png,1,structural_anomalies,0.07648111879825592,8,8
C:\Users\User\Desktop\DefectRAG\data\mvtec_loco_ad\breakfast_box\test\structural_anomalies\050.png,1,structural_anomalies,0.09099581092596054,11,9
C:\Users\User\Desktop\DefectRAG\data\mvtec_loco_ad\breakfast_box\test\structural_anomalies\051.png,1,structural_anomalies,0.08575784415006638,2,3
C:\Users\User\Desktop\DefectRAG\data\mvtec_loco_ad\breakfast_box\test\structural_anomalies\052.png,1,structural_anomalies,0.06287254393100739,3,2
C:\Users\User\Desktop\DefectRAG\data\mvtec_loco_ad\breakfast_box\test\structural_anomalies\053.png,1,structural_anomalies,0.06370218098163605,6,5
C:\Users\User\Desktop\DefectRAG\data\mvtec_loco_ad\breakfast_box\test\structural_anomalies\054.png,1,structural_anomalies,0.06507919728755951,11,8
C:\Users\User\Desktop\DefectRAG\data\mvtec_loco_ad\breakfast_box\test\structural_anomalies\055.png,1,structural_anomalies,0.06799572706222534,8,8
C:\Users\User\Desktop\DefectRAG\data\mvtec_loco_ad\breakfast_box\test\structural_anomalies\056.png,1,structural_anomalies,0.06791707128286362,12,4
C:\Users\User\Desktop\DefectRAG\data\mvtec_loco_ad\breakfast_box\test\structural_anomalies\057.png,1,structural_anomalies,0.06537161022424698,9,10
C:\Users\User\Desktop\DefectRAG\data\mvtec_loco_ad\breakfast_box\test\structural_anomalies\058.png,1,structural_anomalies,0.062382590025663376,10,8
C:\Users\User\Desktop\DefectRAG\data\mvtec_loco_ad\breakfast_box\test\structural_anomalies\059.png,1,structural_anomalies,0.06320308148860931,2,2
C:\Users\User\Desktop\DefectRAG\data\mvtec_loco_ad\breakfast_box\test\structural_anomalies\060.png,1,structural_anomalies,0.0730213150382042,8,11
C:\Users\User\Desktop\DefectRAG\data\mvtec_loco_ad\breakfast_box\test\structural_anomalies\061.png,1,structural_anomalies,0.059003278613090515,11,8
C:\Users\User\Desktop\DefectRAG\data\mvtec_loco_ad\breakfast_box\test\structural_anomalies\062.png,1,structural_anomalies,0.08140943944454193,10,2
C:\Users\User\Desktop\DefectRAG\data\mvtec_loco_ad\breakfast_box\test\structural_anomalies\063.png,1,structural_anomalies,0.05676272138953209,8,8
C:\Users\User\Desktop\DefectRAG\data\mvtec_loco_ad\breakfast_box\test\structural_anomalies\064.png,1,structural_anomalies,0.07006778568029404,7,8
C:\Users\User\Desktop\DefectRAG\data\mvtec_loco_ad\breakfast_box\test\structural_anomalies\065.png,1,structural_anomalies,0.07122057676315308,6,4
C:\Users\User\Desktop\DefectRAG\data\mvtec_loco_ad\breakfast_box\test\structural_anomalies\066.png,1,structural_anomalies,0.05914874002337456,10,8
C:\Users\User\Desktop\DefectRAG\data\mvtec_loco_ad\breakfast_box\test\structural_anomalies\067.png,1,structural_anomalies,0.06907464563846588,9,7
C:\Users\User\Desktop\DefectRAG\data\mvtec_loco_ad\breakfast_box\test\structural_anomalies\068.png,1,structural_anomalies,0.0607641376554966,8,7
C:\Users\User\Desktop\DefectRAG\data\mvtec_loco_ad\breakfast_box\test\structural_anomalies\069.png,1,structural_anomalies,0.061179500073194504,7,10
C:\Users\User\Desktop\DefectRAG\data\mvtec_loco_ad\breakfast_box\test\structural_anomalies\070.png,1,structural_anomalies,0.09852365404367447,2,2
C:\Users\User\Desktop\DefectRAG\data\mvtec_loco_ad\breakfast_box\test\structural_anomalies\071.png,1,structural_anomalies,0.06568954885005951,8,12
C:\Users\User\Desktop\DefectRAG\data\mvtec_loco_ad\breakfast_box\test\structural_anomalies\072.png,1,structural_anomalies,0.05637127533555031,9,11
C:\Users\User\Desktop\DefectRAG\data\mvtec_loco_ad\breakfast_box\test\structural_anomalies\073.png,1,structural_anomalies,0.05817733332514763,8,10
C:\Users\User\Desktop\DefectRAG\data\mvtec_loco_ad\breakfast_box\test\structural_anomalies\074.png,1,structural_anomalies,0.06885311752557755,10,8
C:\Users\User\Desktop\DefectRAG\data\mvtec_loco_ad\breakfast_box\test\structural_anomalies\075.png,1,structural_anomalies,0.09638980776071548,1,7
C:\Users\User\Desktop\DefectRAG\data\mvtec_loco_ad\breakfast_box\test\structural_anomalies\076.png,1,structural_anomalies,0.10677818208932877,1,6
C:\Users\User\Desktop\DefectRAG\data\mvtec_loco_ad\breakfast_box\test\structural_anomalies\077.png,1,structural_anomalies,0.11500571668148041,1,7
C:\Users\User\Desktop\DefectRAG\data\mvtec_loco_ad\breakfast_box\test\structural_anomalies\078.png,1,structural_anomalies,0.0939946100115776,1,7
C:\Users\User\Desktop\DefectRAG\data\mvtec_loco_ad\breakfast_box\test\structural_anomalies\079.png,1,structural_anomalies,0.11657965928316116,1,6
C:\Users\User\Desktop\DefectRAG\data\mvtec_loco_ad\breakfast_box\test\structural_anomalies\080.png,1,structural_anomalies,0.1088678240776062,1,9
C:\Users\User\Desktop\DefectRAG\data\mvtec_loco_ad\breakfast_box\test\structural_anomalies\081.png,1,structural_anomalies,0.11160991340875626,1,9
C:\Users\User\Desktop\DefectRAG\data\mvtec_loco_ad\breakfast_box\test\structural_anomalies\082.png,1,structural_anomalies,0.1031530499458313,1,10
C:\Users\User\Desktop\DefectRAG\data\mvtec_loco_ad\breakfast_box\test\structural_anomalies\083.png,1,structural_anomalies,0.0683235302567482,11,9
C:\Users\User\Desktop\DefectRAG\data\mvtec_loco_ad\breakfast_box\test\structural_anomalies\084.png,1,structural_anomalies,0.07949094474315643,12,8
C:\Users\User\Desktop\DefectRAG\data\mvtec_loco_ad\breakfast_box\test\structural_anomalies\085.png,1,structural_anomalies,0.06819715350866318,12,10
C:\Users\User\Desktop\DefectRAG\data\mvtec_loco_ad\breakfast_box\test\structural_anomalies\086.png,1,structural_anomalies,0.06964699923992157,8,7
C:\Users\User\Desktop\DefectRAG\data\mvtec_loco_ad\breakfast_box\test\structural_anomalies\087.png,1,structural_anomalies,0.06656120717525482,10,10
C:\Users\User\Desktop\DefectRAG\data\mvtec_loco_ad\breakfast_box\test\structural_anomalies\088.png,1,structural_anomalies,0.07827965170145035,12,8
C:\Users\User\Desktop\DefectRAG\data\mvtec_loco_ad\breakfast_box\test\structural_anomalies\089.png,1,structural_anomalies,0.07102789729833603,12,10
