image_path,label,anomaly_type,max_patch,top5_mean,top10_percent_mean,top20_percent_mean,global_only,global_local_fusion
C:\Users\User\Desktop\DefectRAG\data\mvtec_loco_ad\breakfast_box\test\good\000.png,0,good,0.07200133800506592,0.06751511245965958,0.059610944241285324,0.051122285425662994,0.03903001546859741,0.024109570998096245
C:\Users\User\Desktop\DefectRAG\data\mvtec_loco_ad\breakfast_box\test\good\001.png,0,good,0.08976185321807861,0.07274842262268066,0.06318318098783493,0.053510263562202454,0.04950511455535889,0.08741326543726846
C:\Users\User\Desktop\DefectRAG\data\mvtec_loco_ad\breakfast_box\test\good\002.png,0,good,0.07564681768417358,0.07336439937353134,0.0673070177435875,0.054877594113349915,0.04070860147476196,0.1007960048320416
C:\Users\User\Desktop\DefectRAG\data\mvtec_loco_ad\breakfast_box\test\good\003.png,0,good,0.08481866121292114,0.07669845968484879,0.07001952081918716,0.060807131230831146,0.05905413627624512,0.17856062975429976
C:\Users\User\Desktop\DefectRAG\data\mvtec_loco_ad\breakfast_box\test\good\004.png,0,good,0.1002119779586792,0.08317191898822784,0.07078301161527634,0.06019875407218933,0.050649046897888184,0.16167278181802874
C:\Users\User\Desktop\DefectRAG\data\mvtec_loco_ad\breakfast_box\test\good\005.png,0,good,0.06673741340637207,0.062049902975559235,0.057294558733701706,0.05172782763838768,0.044438719749450684,0.01792881834638416
C:\Users\User\Desktop\DefectRAG\data\mvtec_loco_ad\breakfast_box\test\good\006.png,0,good,0.07449209690093994,0.06649015098810196,0.06154625117778778,0.05503842607140541,0.039862871170043945,0.04456747580741883
C:\Users\User\Desktop\DefectRAG\data\mvtec_loco_ad\breakfast_box\test\good\007.png,0,good,0.07106602191925049,0.0687565803527832,0.06538846343755722,0.06135013699531555,0.05288279056549072,0.11766549101612045
C:\Users\User\Desktop\DefectRAG\data\mvtec_loco_ad\breakfast_box\test\good\008.png,0,good,0.0805087685585022,0.07349614799022675,0.06685317307710648,0.06157022714614868,0.05959397554397583,0.15052632542309202
C:\Users\User\Desktop\DefectRAG\data\mvtec_loco_ad\breakfast_box\test\good\009.png,0,good,0.11427241563796997,0.08341972529888153,0.06586036086082458,0.056704625487327576,0.057016611099243164,0.13388694362902898
C:\Users\User\Desktop\DefectRAG\data\mvtec_loco_ad\breakfast_box\test\good\010.png,0,good,0.09598362445831299,0.08314745128154755,0.07273007929325104,0.06069188937544823,0.04998081922531128,0.17795082087815806
C:\Users\User\Desktop\DefectRAG\data\mvtec_loco_ad\breakfast_box\test\good\011.png,0,good,0.07211720943450928,0.06732337176799774,0.05957354977726936,0.05398588255047798,0.05276989936828613,0.06302544313121858
C:\Users\User\Desktop\DefectRAG\data\mvtec_loco_ad\breakfast_box\test\good\012.png,0,good,0.08430808782577515,0.07793669402599335,0.07101985067129135,0.058700744062662125,0.058587729930877686,0.18657189320135803
C:\Users\User\Desktop\DefectRAG\data\mvtec_loco_ad\breakfast_box\test\good\013.png,0,good,0.07952839136123657,0.07533677667379379,0.06845178455114365,0.05539526790380478,0.04668998718261719,0.12858265032668958
C:\Users\User\Desktop\DefectRAG\data\mvtec_loco_ad\breakfast_box\test\good\014.png,0,good,0.08234405517578125,0.0758795514702797,0.06812059134244919,0.058370884507894516,0.04993391036987305,0.13475928293514072
C:\Users\User\Desktop\DefectRAG\data\mvtec_loco_ad\breakfast_box\test\good\015.png,0,good,0.06605660915374756,0.06346069276332855,0.0575534924864769,0.05146639049053192,0.036715030670166016,0.0031833586165880058
C:\Users\User\Desktop\DefectRAG\data\mvtec_loco_ad\breakfast_box\test\good\016.png,0,good,0.09304732084274292,0.07771128416061401,0.06868910789489746,0.06115587428212166,0.05277729034423828,0.14819550158360936
C:\Users\User\Desktop\DefectRAG\data\mvtec_loco_ad\breakfast_box\test\good\017.png,0,good,0.06725764274597168,0.06525342166423798,0.05845273658633232,0.05324734002351761,0.039621949195861816,0.014982288270519378
C:\Users\User\Desktop\DefectRAG\data\mvtec_loco_ad\breakfast_box\test\good\018.png,0,good,0.07285970449447632,0.06731225550174713,0.06101945787668228,0.05378226190805435,0.04574620723724365,0.0564597835582981
C:\Users\User\Desktop\DefectRAG\data\mvtec_loco_ad\breakfast_box\test\good\019.png,0,good,0.08228844404220581,0.07266583293676376,0.0646933987736702,0.05459295213222504,0.0377383828163147,0.0698776215374783
C:\Users\User\Desktop\DefectRAG\data\mvtec_loco_ad\breakfast_box\test\good\020.png,0,good,0.08025401830673218,0.07877011597156525,0.0660008043050766,0.051611918956041336,0.04556477069854736,0.10247231785701416
C:\Users\User\Desktop\DefectRAG\data\mvtec_loco_ad\breakfast_box\test\good\021.png,0,good,0.07474136352539062,0.06946079432964325,0.0630323737859726,0.05325732380151749,0.04526519775390625,0.07388793770993532
C:\Users\User\Desktop\DefectRAG\data\mvtec_loco_ad\breakfast_box\test\good\022.png,0,good,0.08641940355300903,0.08234938234090805,0.07370607554912567,0.061772678047418594,0.05780959129333496,0.20944034265682565
C:\Users\User\Desktop\DefectRAG\data\mvtec_loco_ad\breakfast_box\test\good\023.png,0,good,0.08048850297927856,0.07418026030063629,0.06224757805466652,0.05422056466341019,0.05016976594924927,0.08057315486555634
C:\Users\User\Desktop\DefectRAG\data\mvtec_loco_ad\breakfast_box\test\good\024.png,0,good,0.08150029182434082,0.07100691646337509,0.06597452610731125,0.057548876851797104,0.04177248477935791,0.09138944039677853
C:\Users\User\Desktop\DefectRAG\data\mvtec_loco_ad\breakfast_box\test\good\025.png,0,good,0.07397979497909546,0.06485459953546524,0.055994898080825806,0.04846954345703125,0.045549631118774414,0.020338883159315015
C:\Users\User\Desktop\DefectRAG\data\mvtec_loco_ad\breakfast_box\test\good\026.png,0,good,0.08586353063583374,0.08042071759700775,0.07126878947019577,0.06356435269117355,0.05741995573043823,0.18556003575868127
C:\Users\User\Desktop\DefectRAG\data\mvtec_loco_ad\breakfast_box\test\good\027.png,0,good,0.06850069761276245,0.06607508659362793,0.06044617295265198,0.05512825772166252,0.05334198474884033,0.0728115428319911
C:\Users\User\Desktop\DefectRAG\data\mvtec_loco_ad\breakfast_box\test\good\028.png,0,good,0.08784288167953491,0.07243470102548599,0.06506993621587753,0.0548052117228508,0.04379850625991821,0.0887294819915977
C:\Users\User\Desktop\DefectRAG\data\mvtec_loco_ad\breakfast_box\test\good\029.png,0,good,0.08657121658325195,0.07993684709072113,0.07111594080924988,0.05957065522670746,0.05329334735870361,0.17233944600033793
C:\Users\User\Desktop\DefectRAG\data\mvtec_loco_ad\breakfast_box\test\good\030.png,0,good,0.10005193948745728,0.09538084268569946,0.07772410660982132,0.0586119070649147,0.0578882098197937,0.2471976671602873
C:\Users\User\Desktop\DefectRAG\data\mvtec_loco_ad\breakfast_box\test\good\031.png,0,good,0.07132488489151001,0.06833548843860626,0.06266139447689056,0.055122509598731995,0.04505264759063721,0.06981518370897082
C:\Users\User\Desktop\DefectRAG\data\mvtec_loco_ad\breakfast_box\test\good\032.png,0,good,0.08559316396713257,0.08379969745874405,0.07038210332393646,0.05779309198260307,0.04758346080780029,0.14916719139221735
C:\Users\User\Desktop\DefectRAG\data\mvtec_loco_ad\breakfast_box\test\good\033.png,0,good,0.07418626546859741,0.06569032371044159,0.058524973690509796,0.04989580065011978,0.04175615310668945,0.021756083841390314
C:\Users\User\Desktop\DefectRAG\data\mvtec_loco_ad\breakfast_box\test\good\034.png,0,good,0.09556585550308228,0.08810828626155853,0.07817726582288742,0.06229488179087639,0.05481588840484619,0.24265072105065433
C:\Users\User\Desktop\DefectRAG\data\mvtec_loco_ad\breakfast_box\test\good\035.png,0,good,0.07393133640289307,0.06693558394908905,0.05719204992055893,0.048964984714984894,0.04115557670593262,0.007781766903674943
C:\Users\User\Desktop\DefectRAG\data\mvtec_loco_ad\breakfast_box\test\good\036.png,0,good,0.08854061365127563,0.08418171107769012,0.07247864454984665,0.059745170176029205,0.057304322719573975,0.19653090912042254
C:\Users\User\Desktop\DefectRAG\data\mvtec_loco_ad\breakfast_box\test\good\037.png,0,good,0.10425394773483276,0.09433411061763763,0.0711197555065155,0.055985718965530396,0.04816293716430664,0.15771364109373015
C:\Users\User\Desktop\DefectRAG\data\mvtec_loco_ad\breakfast_box\test\good\038.png,0,good,0.09758812189102173,0.07787144184112549,0.06351940333843231,0.05537422001361847,0.035865068435668945,0.058911264686811585
C:\Users\User\Desktop\DefectRAG\data\mvtec_loco_ad\breakfast_box\test\good\039.png,0,good,0.08109849691390991,0.07263791561126709,0.06449398398399353,0.05167756229639053,0.04501301050186157,0.08682023156799765
C:\Users\User\Desktop\DefectRAG\data\mvtec_loco_ad\breakfast_box\test\good\040.png,0,good,0.06704676151275635,0.06242649629712105,0.05619266256690025,0.04962980002164841,0.03487306833267212,0.0
C:\Users\User\Desktop\DefectRAG\data\mvtec_loco_ad\breakfast_box\test\good\041.png,0,good,0.08928602933883667,0.0791710838675499,0.0712776929140091,0.06316060572862625,0.05506014823913574,0.17889945956821804
C:\Users\User\Desktop\DefectRAG\data\mvtec_loco_ad\breakfast_box\test\good\042.png,0,good,0.09502947330474854,0.08075185865163803,0.07304384559392929,0.06259708851575851,0.0719459056854248,0.24365249150545104
C:\Users\User\Desktop\DefectRAG\data\mvtec_loco_ad\breakfast_box\test\good\043.png,0,good,0.07882517576217651,0.07219308614730835,0.06626509130001068,0.05539992079138756,0.04652214050292969,0.10767696255935945
C:\Users\User\Desktop\DefectRAG\data\mvtec_loco_ad\breakfast_box\test\good\044.png,0,good,0.07244032621383667,0.07000283896923065,0.06447169929742813,0.060164328664541245,0.059527456760406494,0.1280907518354787
C:\Users\User\Desktop\DefectRAG\data\mvtec_loco_ad\breakfast_box\test\good\045.png,0,good,0.10170626640319824,0.08684766292572021,0.07626696676015854,0.060066308826208115,0.0552181601524353,0.22595610369274102
C:\Users\User\Desktop\DefectRAG\data\mvtec_loco_ad\breakfast_box\test\good\046.png,0,good,0.07190245389938354,0.06837046146392822,0.06302203983068466,0.05419890582561493,0.04015982151031494,0.05920151026481858
C:\Users\User\Desktop\DefectRAG\data\mvtec_loco_ad\breakfast_box\test\good\047.png,0,good,0.07005894184112549,0.0643952339887619,0.058415062725543976,0.05180923640727997,0.03797554969787598,0.011231334281509825
C:\Users\User\Desktop\DefectRAG\data\mvtec_loco_ad\breakfast_box\test\good\048.png,0,good,0.06657731533050537,0.06366793811321259,0.058249812573194504,0.04913287237286568,0.03551828861236572,0.009687723390106193
C:\Users\User\Desktop\DefectRAG\data\mvtec_loco_ad\breakfast_box\test\good\049.png,0,good,0.07009536027908325,0.06637927144765854,0.05982888489961624,0.05043959617614746,0.04177260398864746,0.03398300371806527
C:\Users\User\Desktop\DefectRAG\data\mvtec_loco_ad\breakfast_box\test\good\050.png,0,good,0.07275670766830444,0.06374271959066391,0.05630891025066376,0.05024462565779686,0.03616386651992798,0.0
C:\Users\User\Desktop\DefectRAG\data\mvtec_loco_ad\breakfast_box\test\good\051.png,0,good,0.08076775074005127,0.06967350095510483,0.06175193190574646,0.056210000067949295,0.05274707078933716,0.08330859370290004
C:\Users\User\Desktop\DefectRAG\data\mvtec_loco_ad\breakfast_box\test\good\052.png,0,good,0.07261210680007935,0.06357569992542267,0.056121908128261566,0.04830208793282509,0.04204064607620239,0.010311075358368369
C:\Users\User\Desktop\DefectRAG\data\mvtec_loco_ad\breakfast_box\test\good\053.png,0,good,0.10240751504898071,0.09821929037570953,0.08956512063741684,0.07156704366207123,0.0690193772315979,0.38961535178628826
C:\Users\User\Desktop\DefectRAG\data\mvtec_loco_ad\breakfast_box\test\good\054.png,0,good,0.09056001901626587,0.08087257295846939,0.07197224348783493,0.05898459628224373,0.04695272445678711,0.16221829151865227
C:\Users\User\Desktop\DefectRAG\data\mvtec_loco_ad\breakfast_box\test\good\055.png,0,good,0.08308488130569458,0.07788808643817902,0.0695154070854187,0.06034901738166809,0.05073481798171997,0.15007712964911551
C:\Users\User\Desktop\DefectRAG\data\mvtec_loco_ad\breakfast_box\test\good\056.png,0,good,0.07872402667999268,0.06805833429098129,0.06043172627687454,0.053723450750112534,0.04288947582244873,0.042805920979613776
C:\Users\User\Desktop\DefectRAG\data\mvtec_loco_ad\breakfast_box\test\good\057.png,0,good,0.07333868741989136,0.0703604444861412,0.06670501083135605,0.05706475302577019,0.04068523645401001,0.0951058532559164
C:\Users\User\Desktop\DefectRAG\data\mvtec_loco_ad\breakfast_box\test\good\058.png,0,good,0.08215177059173584,0.07522354274988174,0.06405734270811081,0.054357774555683136,0.04825472831726074,0.09200556549346696
C:\Users\User\Desktop\DefectRAG\data\mvtec_loco_ad\breakfast_box\test\good\059.png,0,good,0.1028141975402832,0.08894243091344833,0.07773461192846298,0.06373537331819534,0.06138300895690918,0.2572830659339457
C:\Users\User\Desktop\DefectRAG\data\mvtec_loco_ad\breakfast_box\test\good\060.png,0,good,0.08564847707748413,0.07907699048519135,0.07028387486934662,0.0598997101187706,0.056708693504333496,0.17432728272832554
C:\Users\User\Desktop\DefectRAG\data\mvtec_loco_ad\breakfast_box\test\good\061.png,0,good,0.07150042057037354,0.06508748233318329,0.058962784707546234,0.05129082873463631,0.043986499309539795,0.03221947651925501
C:\Users\User\Desktop\DefectRAG\data\mvtec_loco_ad\breakfast_box\test\good\062.png,0,good,0.1040114164352417,0.08522862195968628,0.07503142207860947,0.06612849980592728,0.05829089879989624,0.22319593584362243
C:\Users\User\Desktop\DefectRAG\data\mvtec_loco_ad\breakfast_box\test\good\063.png,0,good,0.0642932653427124,0.06255583465099335,0.0573531836271286,0.04950609430670738,0.03846079111099243,0.001393001306347413
C:\Users\User\Desktop\DefectRAG\data\mvtec_loco_ad\breakfast_box\test\good\064.png,0,good,0.07918286323547363,0.07648539543151855,0.06923526525497437,0.05965406447649002,0.04897165298461914,0.14242162150095863
C:\Users\User\Desktop\DefectRAG\data\mvtec_loco_ad\breakfast_box\test\good\065.png,0,good,0.09582728147506714,0.08116136491298676,0.06891664117574692,0.05836239829659462,0.0498279333114624,0.14189237272107597
C:\Users\User\Desktop\DefectRAG\data\mvtec_loco_ad\breakfast_box\test\good\066.png,0,good,0.07405233383178711,0.06769486516714096,0.061927713453769684,0.05419493839144707,0.05321979522705078,0.08630150799141593
C:\Users\User\Desktop\DefectRAG\data\mvtec_loco_ad\breakfast_box\test\good\067.png,0,good,0.06934744119644165,0.0646403580904007,0.058876264840364456,0.04770710691809654,0.035383403301239014,0.015539448963726383
C:\Users\User\Desktop\DefectRAG\data\mvtec_loco_ad\breakfast_box\test\good\068.png,0,good,0.06683695316314697,0.06147891283035278,0.05421534180641174,0.048016007989645004,0.042242586612701416,0.010888171260079012
C:\Users\User\Desktop\DefectRAG\data\mvtec_loco_ad\breakfast_box\test\good\069.png,0,good,0.07601708173751831,0.07213541120290756,0.06668275594711304,0.05819525569677353,0.055457234382629395,0.1371126706190881
C:\Users\User\Desktop\DefectRAG\data\mvtec_loco_ad\breakfast_box\test\good\070.png,0,good,0.07446897029876709,0.06549012660980225,0.0559261329472065,0.04993245378136635,0.04615354537963867,0.022064720135741296
C:\Users\User\Desktop\DefectRAG\data\mvtec_loco_ad\breakfast_box\test\good\071.png,0,good,0.06363886594772339,0.06169835478067398,0.05596444383263588,0.05059681087732315,0.03800344467163086,0.0
C:\Users\User\Desktop\DefectRAG\data\mvtec_loco_ad\breakfast_box\test\good\072.png,0,good,0.06788820028305054,0.06644406169652939,0.060449160635471344,0.05190572515130043,0.041736602783203125,0.039674151463802966
C:\Users\User\Desktop\DefectRAG\data\mvtec_loco_ad\breakfast_box\test\good\073.png,0,good,0.07180970907211304,0.06838871538639069,0.06244488060474396,0.05636977404356003,0.04823523759841919,0.07688776740244144
C:\Users\User\Desktop\DefectRAG\data\mvtec_loco_ad\breakfast_box\test\good\074.png,0,good,0.08370941877365112,0.08192317187786102,0.07625864446163177,0.06599658727645874,0.06099200248718262,0.2423785721063131
C:\Users\User\Desktop\DefectRAG\data\mvtec_loco_ad\breakfast_box\test\good\075.png,0,good,0.10661643743515015,0.10239337384700775,0.08101405948400497,0.0662798210978508,0.06954973936080933,0.31125505579096413
C:\Users\User\Desktop\DefectRAG\data\mvtec_loco_ad\breakfast_box\test\good\076.png,0,good,0.08189433813095093,0.0687493085861206,0.06185029819607735,0.056576985865831375,0.05262655019760132,0.08388302078805343
C:\Users\User\Desktop\DefectRAG\data\mvtec_loco_ad\breakfast_box\test\good\077.png,0,good,0.07962512969970703,0.07556168735027313,0.06791188567876816,0.05804926156997681,0.04970705509185791,0.1321614556428405
C:\Users\User\Desktop\DefectRAG\data\mvtec_loco_ad\breakfast_box\test\good\078.png,0,good,0.08260643482208252,0.0703614205121994,0.06397540867328644,0.05532017722725868,0.047948598861694336,0.09036537314631117
C:\Users\User\Desktop\DefectRAG\data\mvtec_loco_ad\breakfast_box\test\good\079.png,0,good,0.08558821678161621,0.08281230926513672,0.07737605273723602,0.0642726793885231,0.05112767219543457,0.2246265389587435
C:\Users\User\Desktop\DefectRAG\data\mvtec_loco_ad\breakfast_box\test\good\080.png,0,good,0.08014422655105591,0.0744204968214035,0.06833519041538239,0.059294071048498154,0.05708277225494385,0.1571935367059134
C:\Users\User\Desktop\DefectRAG\data\mvtec_loco_ad\breakfast_box\test\good\081.png,0,good,0.07370853424072266,0.07182927429676056,0.06598402559757233,0.055237263441085815,0.04135787487030029,0.09029332351283585
C:\Users\User\Desktop\DefectRAG\data\mvtec_loco_ad\breakfast_box\test\good\082.png,0,good,0.08278089761734009,0.07789573818445206,0.06893286854028702,0.056358497589826584,0.04492133855819702,0.12802212417846032
C:\Users\User\Desktop\DefectRAG\data\mvtec_loco_ad\breakfast_box\test\good\083.png,0,good,0.07274430990219116,0.07096414268016815,0.06469781696796417,0.05630277842283249,0.04700726270675659,0.09442332437417827
C:\Users\User\Desktop\DefectRAG\data\mvtec_loco_ad\breakfast_box\test\good\084.png,0,good,0.08016538619995117,0.06912977993488312,0.061239492148160934,0.05238413065671921,0.04012489318847656,0.04245081645538087
C:\Users\User\Desktop\DefectRAG\data\mvtec_loco_ad\breakfast_box\test\good\085.png,0,good,0.08429825305938721,0.07430426776409149,0.06858912855386734,0.06066138297319412,0.05215269327163696,0.14547664566597568
C:\Users\User\Desktop\DefectRAG\data\mvtec_loco_ad\breakfast_box\test\good\086.png,0,good,0.09410834312438965,0.08302980661392212,0.07306601107120514,0.06137826666235924,0.05758744478225708,0.2028266251043052
C:\Users\User\Desktop\DefectRAG\data\mvtec_loco_ad\breakfast_box\test\good\087.png,0,good,0.07117629051208496,0.06340251117944717,0.05564449355006218,0.048939578235149384,0.04265874624252319,0.012077452129542915
C:\Users\User\Desktop\DefectRAG\data\mvtec_loco_ad\breakfast_box\test\good\088.png,0,good,0.0943455696105957,0.07973219454288483,0.06455962359905243,0.05553801357746124,0.055591881275177,0.11766516029869706
C:\Users\User\Desktop\DefectRAG\data\mvtec_loco_ad\breakfast_box\test\good\089.png,0,good,0.07567453384399414,0.06825165450572968,0.06191596761345863,0.05500584468245506,0.04143965244293213,0.052527066944117254
C:\Users\User\Desktop\DefectRAG\data\mvtec_loco_ad\breakfast_box\test\good\090.png,0,good,0.06988978385925293,0.06544683128595352,0.05722155049443245,0.04937148839235306,0.036527395248413086,8.266995186335276e-05
C:\Users\User\Desktop\DefectRAG\data\mvtec_loco_ad\breakfast_box\test\good\091.png,0,good,0.09090811014175415,0.08252181857824326,0.07418273389339447,0.06135737523436546,0.04875558614730835,0.18801873668062646
C:\Users\User\Desktop\DefectRAG\data\mvtec_loco_ad\breakfast_box\test\good\092.png,0,good,0.0837012529373169,0.07787872850894928,0.07125085592269897,0.060857899487018585,0.05265653133392334,0.17177983355456594
C:\Users\User\Desktop\DefectRAG\data\mvtec_loco_ad\breakfast_box\test\good\093.png,0,good,0.06470954418182373,0.06202750280499458,0.05792947858572006,0.05344760790467262,0.04798007011413574,0.033979939956099305
C:\Users\User\Desktop\DefectRAG\data\mvtec_loco_ad\breakfast_box\test\good\094.png,0,good,0.06254452466964722,0.060434699058532715,0.053911685943603516,0.04767313227057457,0.04053306579589844,0.0060027853223685815
C:\Users\User\Desktop\DefectRAG\data\mvtec_loco_ad\breakfast_box\test\good\095.png,0,good,0.0745553970336914,0.07241995632648468,0.06375500559806824,0.05476488173007965,0.04156136512756348,0.07005344797269872
C:\Users\User\Desktop\DefectRAG\data\mvtec_loco_ad\breakfast_box\test\good\096.png,0,good,0.07643049955368042,0.06846357882022858,0.06261079013347626,0.056587908416986465,0.04079079627990723,0.057163173091997574
C:\Users\User\Desktop\DefectRAG\data\mvtec_loco_ad\breakfast_box\test\good\097.png,0,good,0.07029533386230469,0.0679057240486145,0.06299211829900742,0.056337568908929825,0.05006009340286255,0.08721452992076999
C:\Users\User\Desktop\DefectRAG\data\mvtec_loco_ad\breakfast_box\test\good\098.png,0,good,0.07513099908828735,0.07191343605518341,0.06552135199308395,0.05532567948102951,0.05208790302276611,0.11663521923826556
C:\Users\User\Desktop\DefectRAG\data\mvtec_loco_ad\breakfast_box\test\good\099.png,0,good,0.1329900026321411,0.08383240550756454,0.06915400922298431,0.05973849445581436,0.05616110563278198,0.16220827455294223
C:\Users\User\Desktop\DefectRAG\data\mvtec_loco_ad\breakfast_box\test\good\100.png,0,good,0.07177752256393433,0.06927935779094696,0.06236467882990837,0.05285981297492981,0.042672574520111084,0.06024188855024723
C:\Users\User\Desktop\DefectRAG\data\mvtec_loco_ad\breakfast_box\test\good\101.png,0,good,0.06853741407394409,0.06449935585260391,0.05868186429142952,0.05164073035120964,0.044722795486450195,0.031699534857109433
C:\Users\User\Desktop\DefectRAG\data\mvtec_loco_ad\breakfast_box\test\logical_anomalies\000.png,1,logical_anomalies,0.1136549711227417,0.10318492352962494,0.09299313277006149,0.08546453714370728,0.07668989896774292,0.4435570505057133
C:\Users\User\Desktop\DefectRAG\data\mvtec_loco_ad\breakfast_box\test\logical_anomalies\001.png,1,logical_anomalies,0.13879728317260742,0.11947689205408096,0.10053092241287231,0.09055183827877045,0.07925188541412354,0.5212894850455261
C:\Users\User\Desktop\DefectRAG\data\mvtec_loco_ad\breakfast_box\test\logical_anomalies\002.png,1,logical_anomalies,0.1177486777305603,0.11336054652929306,0.10185949504375458,0.0947374701499939,0.08245760202407837,0.5428608980403828
C:\Users\User\Desktop\DefectRAG\data\mvtec_loco_ad\breakfast_box\test\logical_anomalies\003.png,1,logical_anomalies,0.08265644311904907,0.07639779150485992,0.06826817989349365,0.059393443167209625,0.05033153295516968,0.13727422242337617
C:\Users\User\Desktop\DefectRAG\data\mvtec_loco_ad\breakfast_box\test\logical_anomalies\004.png,1,logical_anomalies,0.08854812383651733,0.077506884932518,0.07046534866094589,0.061902277171611786,0.05559837818145752,0.1728494340912041
C:\Users\User\Desktop\DefectRAG\data\mvtec_loco_ad\breakfast_box\test\logical_anomalies\005.png,1,logical_anomalies,0.07835155725479126,0.07344041019678116,0.06833817809820175,0.05842136591672897,0.048774123191833496,0.1334773892348964
C:\Users\User\Desktop\DefectRAG\data\mvtec_loco_ad\breakfast_box\test\logical_anomalies\006.png,1,logical_anomalies,0.070243239402771,0.06880290806293488,0.06452570855617523,0.05667230486869812,0.04776012897491455,0.09496715492005284
C:\Users\User\Desktop\DefectRAG\data\mvtec_loco_ad\breakfast_box\test\logical_anomalies\007.png,1,logical_anomalies,0.1021575927734375,0.0952368825674057,0.08780024200677872,0.07607612758874893,0.09867048263549805,0.4578650174861647
C:\Users\User\Desktop\DefectRAG\data\mvtec_loco_ad\breakfast_box\test\logical_anomalies\008.png,1,logical_anomalies,0.0889962911605835,0.08586283028125763,0.078948974609375,0.06570125371217728,0.05741143226623535,0.25727671563096044
C:\Users\User\Desktop\DefectRAG\data\mvtec_loco_ad\breakfast_box\test\logical_anomalies\009.png,1,logical_anomalies,0.09364300966262817,0.08746106922626495,0.07594378292560577,0.06199408695101738,0.050827205181121826,0.21038896664421747
C:\Users\User\Desktop\DefectRAG\data\mvtec_loco_ad\breakfast_box\test\logical_anomalies\010.png,1,logical_anomalies,0.07671421766281128,0.06705057621002197,0.061367448419332504,0.05195653811097145,0.04171377420425415,0.048186690469379595
C:\Users\User\Desktop\DefectRAG\data\mvtec_loco_ad\breakfast_box\test\logical_anomalies\011.png,1,logical_anomalies,0.08252054452896118,0.07931561768054962,0.07538150995969772,0.06325690448284149,0.062031686305999756,0.23715636794410988
C:\Users\User\Desktop\DefectRAG\data\mvtec_loco_ad\breakfast_box\test\logical_anomalies\012.png,1,logical_anomalies,0.09337246417999268,0.08103519678115845,0.07367243617773056,0.061338309198617935,0.06045114994049072,0.21667503399886717
C:\Users\User\Desktop\DefectRAG\data\mvtec_loco_ad\breakfast_box\test\logical_anomalies\013.png,1,logical_anomalies,0.07107728719711304,0.06905268132686615,0.06528569757938385,0.05466418340802193,0.05168592929840088,0.11328521713944181
C:\Users\User\Desktop\DefectRAG\data\mvtec_loco_ad\breakfast_box\test\logical_anomalies\014.png,1,logical_anomalies,0.1111183762550354,0.09633009135723114,0.08654195815324783,0.0708385705947876,0.06535297632217407,0.350898159123268
C:\Users\User\Desktop\DefectRAG\data\mvtec_loco_ad\breakfast_box\test\logical_anomalies\015.png,1,logical_anomalies,0.07389378547668457,0.06790833175182343,0.06136166304349899,0.05618051439523697,0.04588836431503296,0.06006259073493389
C:\Users\User\Desktop\DefectRAG\data\mvtec_loco_ad\breakfast_box\test\logical_anomalies\016.png,1,logical_anomalies,0.07210463285446167,0.06857367604970932,0.0614192970097065,0.05692971125245094,0.052235305309295654,0.07873893393746578
C:\Users\User\Desktop\DefectRAG\data\mvtec_loco_ad\breakfast_box\test\logical_anomalies\017.png,1,logical_anomalies,0.09036248922348022,0.0782904401421547,0.06929495185613632,0.059837598353624344,0.0692601203918457,0.2009585586139611
C:\Users\User\Desktop\DefectRAG\data\mvtec_loco_ad\breakfast_box\test\logical_anomalies\018.png,1,logical_anomalies,0.07613056898117065,0.06818469613790512,0.05942491441965103,0.05189591273665428,0.05583071708679199,0.07038408885462856
C:\Users\User\Desktop\DefectRAG\data\mvtec_loco_ad\breakfast_box\test\logical_anomalies\019.png,1,logical_anomalies,0.0833551287651062,0.07757959514856339,0.06904750317335129,0.05900946632027626,0.0581018328666687,0.16675951205998976
C:\Users\User\Desktop\DefectRAG\data\mvtec_loco_ad\breakfast_box\test\logical_anomalies\020.png,1,logical_anomalies,0.07356011867523193,0.06905058771371841,0.06330197304487228,0.056786734610795975,0.06411564350128174,0.13027617189510876
C:\Users\User\Desktop\DefectRAG\data\mvtec_loco_ad\breakfast_box\test\logical_anomalies\021.png,1,logical_anomalies,0.07216125726699829,0.07043125480413437,0.06606768816709518,0.06248787045478821,0.08760643005371094,0.2232417052025587
C:\Users\User\Desktop\DefectRAG\data\mvtec_loco_ad\breakfast_box\test\logical_anomalies\022.png,1,logical_anomalies,0.09211474657058716,0.0790867805480957,0.06654778867959976,0.0581570528447628,0.06256932020187378,0.15617650884070117
C:\Users\User\Desktop\DefectRAG\data\mvtec_loco_ad\breakfast_box\test\logical_anomalies\023.png,1,logical_anomalies,0.09344977140426636,0.07866004854440689,0.06766057014465332,0.06308437138795853,0.06449770927429199,0.17208191963780237
C:\Users\User\Desktop\DefectRAG\data\mvtec_loco_ad\breakfast_box\test\logical_anomalies\024.png,1,logical_anomalies,0.08202028274536133,0.077137790620327,0.07126588374376297,0.06312129646539688,0.06360995769500732,0.20322238154380481
C:\Users\User\Desktop\DefectRAG\data\mvtec_loco_ad\breakfast_box\test\logical_anomalies\025.png,1,logical_anomalies,0.17348819971084595,0.16919578611850739,0.14299187064170837,0.12071571499109268,0.19396281242370605,1.0
C:\Users\User\Desktop\DefectRAG\data\mvtec_loco_ad\breakfast_box\test\logical_anomalies\026.png,1,logical_anomalies,0.17993181943893433,0.17469966411590576,0.15100431442260742,0.12588587403297424,0.1927659511566162,1.0
C:\Users\User\Desktop\DefectRAG\data\mvtec_loco_ad\breakfast_box\test\logical_anomalies\027.png,1,logical_anomalies,0.17120623588562012,0.16481974720954895,0.14096271991729736,0.1197562962770462,0.17088395357131958,1.0
C:\Users\User\Desktop\DefectRAG\data\mvtec_loco_ad\breakfast_box\test\logical_anomalies\028.png,1,logical_anomalies,0.16747838258743286,0.16009381413459778,0.13737399876117706,0.1228889673948288,0.22822809219360352,1.0
C:\Users\User\Desktop\DefectRAG\data\mvtec_loco_ad\breakfast_box\test\logical_anomalies\029.png,1,logical_anomalies,0.19339823722839355,0.17634834349155426,0.1465892493724823,0.12461721897125244,0.2212507128715515,1.0
C:\Users\User\Desktop\DefectRAG\data\mvtec_loco_ad\breakfast_box\test\logical_anomalies\030.png,1,logical_anomalies,0.1812477707862854,0.1711198389530182,0.15181393921375275,0.1341661512851715,0.1882389783859253,1.0
C:\Users\User\Desktop\DefectRAG\data\mvtec_loco_ad\breakfast_box\test\logical_anomalies\031.png,1,logical_anomalies,0.17942452430725098,0.16739627718925476,0.13739201426506042,0.11619478464126587,0.17758303880691528,1.0
C:\Users\User\Desktop\DefectRAG\data\mvtec_loco_ad\breakfast_box\test\logical_anomalies\032.png,1,logical_anomalies,0.1700824499130249,0.16356803476810455,0.14372381567955017,0.12173721194267273,0.1702425479888916,1.0
C:\Users\User\Desktop\DefectRAG\data\mvtec_loco_ad\breakfast_box\test\logical_anomalies\033.png,1,logical_anomalies,0.25580036640167236,0.24605078995227814,0.2219916582107544,0.1912272721529007,0.4250922203063965,1.0
C:\Users\User\Desktop\DefectRAG\data\mvtec_loco_ad\breakfast_box\test\logical_anomalies\034.png,1,logical_anomalies,0.24452054500579834,0.23547141253948212,0.21719110012054443,0.188338965177536,0.4546528458595276,1.0
C:\Users\User\Desktop\DefectRAG\data\mvtec_loco_ad\breakfast_box\test\logical_anomalies\035.png,1,logical_anomalies,0.24135994911193848,0.23307880759239197,0.21351118385791779,0.18510331213474274,0.4476994276046753,1.0
C:\Users\User\Desktop\DefectRAG\data\mvtec_loco_ad\breakfast_box\test\logical_anomalies\036.png,1,logical_anomalies,0.24989736080169678,0.23843631148338318,0.21615025401115417,0.18847331404685974,0.44618159532546997,1.0
C:\Users\User\Desktop\DefectRAG\data\mvtec_loco_ad\breakfast_box\test\logical_anomalies\037.png,1,logical_anomalies,0.15933048725128174,0.1325932741165161,0.09064745903015137,0.06801293790340424,0.08795440196990967,0.4538371333094581
C:\Users\User\Desktop\DefectRAG\data\mvtec_loco_ad\breakfast_box\test\logical_anomalies\038.png,1,logical_anomalies,0.19488179683685303,0.15870174765586853,0.10959909111261368,0.08277226984500885,0.1150544285774231,0.7083105315855202
C:\Users\User\Desktop\DefectRAG\data\mvtec_loco_ad\breakfast_box\test\logical_anomalies\039.png,1,logical_anomalies,0.16687440872192383,0.15455195307731628,0.10310620069503784,0.07923819869756699,0.08867895603179932,0.5722855297661172
C:\Users\User\Desktop\DefectRAG\data\mvtec_loco_ad\breakfast_box\test\logical_anomalies\040.png,1,logical_anomalies,0.17940962314605713,0.14651373028755188,0.10004358738660812,0.08041825145483017,0.10395103693008423,0.5873213024182531
C:\Users\User\Desktop\DefectRAG\data\mvtec_loco_ad\breakfast_box\test\logical_anomalies\041.png,1,logical_anomalies,0.24113821983337402,0.18294881284236908,0.11059680581092834,0.08125913143157959,0.1015583872795105,0.6790619059294065
C:\Users\User\Desktop\DefectRAG\data\mvtec_loco_ad\breakfast_box\test\logical_anomalies\042.png,1,logical_anomalies,0.1981738805770874,0.17903321981430054,0.11855830997228622,0.0841338038444519,0.09314024448394775,0.7293737989471916
C:\Users\User\Desktop\DefectRAG\data\mvtec_loco_ad\breakfast_box\test\logical_anomalies\043.png,1,logical_anomalies,0.20549249649047852,0.1743728220462799,0.11882547289133072,0.09113616496324539,0.13775259256362915,0.8593603940850845
C:\Users\User\Desktop\DefectRAG\data\mvtec_loco_ad\breakfast_box\test\logical_anomalies\044.png,1,logical_anomalies,0.17668235301971436,0.09966516494750977,0.06716418266296387,0.05711166560649872,0.04219019412994385,0.10369579823341576
C:\Users\User\Desktop\DefectRAG\data\mvtec_loco_ad\breakfast_box\test\logical_anomalies\045.png,1,logical_anomalies,0.16611617803573608,0.12219572067260742,0.0922723039984703,0.07962927222251892,0.07944661378860474,0.4447017550719837
C:\Users\User\Desktop\DefectRAG\data\mvtec_loco_ad\breakfast_box\test\logical_anomalies\046.png,1,logical_anomalies,0.1697407364845276,0.13701887428760529,0.080542653799057,0.06341537833213806,0.0500606894493103,0.25115676441775264
C:\Users\User\Desktop\DefectRAG\data\mvtec_loco_ad\breakfast_box\test\logical_anomalies\047.png,1,logical_anomalies,0.1179855465888977,0.08904552459716797,0.07260138541460037,0.06510891765356064,0.05577272176742554,0.19330050323442152
C:\Users\User\Desktop\DefectRAG\data\mvtec_loco_ad\breakfast_box\test\logical_anomalies\048.png,1,logical_anomalies,0.07779335975646973,0.07250692695379257,0.06438590586185455,0.05480324476957321,0.04870927333831787,0.09637366902580487
C:\Users\User\Desktop\DefectRAG\data\mvtec_loco_ad\breakfast_box\test\logical_anomalies\049.png,1,logical_anomalies,0.09088772535324097,0.08848966658115387,0.0799272283911705,0.06750816106796265,0.057898521423339844,0.26780661862078337
C:\Users\User\Desktop\DefectRAG\data\mvtec_loco_ad\breakfast_box\test\logical_anomalies\050.png,1,logical_anomalies,0.0997471809387207,0.09335058927536011,0.08318755775690079,0.07305930554866791,0.08181029558181763,0.36659544919487497
C:\Users\User\Desktop\DefectRAG\data\mvtec_loco_ad\breakfast_box\test\logical_anomalies\051.png,1,logical_anomalies,0.10630673170089722,0.08925443887710571,0.07094556093215942,0.060046155005693436,0.05289381742477417,0.16960616073541093
C:\Users\User\Desktop\DefectRAG\data\mvtec_loco_ad\breakfast_box\test\logical_anomalies\052.png,1,logical_anomalies,0.08999490737915039,0.08253210783004761,0.0720057263970375,0.06569499522447586,0.066433846950531,0.21820326722337838
C:\Users\User\Desktop\DefectRAG\data\mvtec_loco_ad\breakfast_box\test\logical_anomalies\053.png,1,logical_anomalies,0.10353356599807739,0.08570799976587296,0.07659206539392471,0.07245733588933945,0.06084710359573364,0.24507899058804272
C:\Users\User\Desktop\DefectRAG\data\mvtec_loco_ad\breakfast_box\test\logical_anomalies\054.png,1,logical_anomalies,0.07990258932113647,0.07493440061807632,0.06668336689472198,0.06034334376454353,0.03780841827392578,0.08846602476451701
C:\Users\User\Desktop\DefectRAG\data\mvtec_loco_ad\breakfast_box\test\logical_anomalies\055.png,1,logical_anomalies,0.07906132936477661,0.07057993113994598,0.06308925896883011,0.05428309366106987,0.05092358589172363,0.09058957342268538
C:\Users\User\Desktop\DefectRAG\data\mvtec_loco_ad\breakfast_box\test\logical_anomalies\056.png,1,logical_anomalies,0.0960468053817749,0.09181717783212662,0.08242876082658768,0.06556403636932373,0.06447094678878784,0.30995593208869826
C:\Users\User\Desktop\DefectRAG\data\mvtec_loco_ad\breakfast_box\test\logical_anomalies\057.png,1,logical_anomalies,0.07635223865509033,0.07333574444055557,0.06680077314376831,0.06167486310005188,0.06114804744720459,0.15447800627090463
C:\Users\User\Desktop\DefectRAG\data\mvtec_loco_ad\breakfast_box\test\logical_anomalies\058.png,1,logical_anomalies,0.09180659055709839,0.08812068402767181,0.07739316672086716,0.07046834379434586,0.06304442882537842,0.2588415325757935
C:\Users\User\Desktop\DefectRAG\data\mvtec_loco_ad\breakfast_box\test\logical_anomalies\059.png,1,logical_anomalies,0.0798383355140686,0.07201962172985077,0.06339095532894135,0.056900471448898315,0.04500257968902588,0.07648697069724428
C:\Users\User\Desktop\DefectRAG\data\mvtec_loco_ad\breakfast_box\test\logical_anomalies\060.png,1,logical_anomalies,0.08236682415008545,0.07986607402563095,0.07497186213731766,0.06635026633739471,0.06330084800720215,0.23695677373127522
C:\Users\User\Desktop\DefectRAG\data\mvtec_loco_ad\breakfast_box\test\logical_anomalies\061.png,1,logical_anomalies,0.10879987478256226,0.09351705014705658,0.08534599095582962,0.07940321415662766,0.06317746639251709,0.3335094957217936
C:\Users\User\Desktop\DefectRAG\data\mvtec_loco_ad\breakfast_box\test\logical_anomalies\062.png,1,logical_anomalies,0.08341914415359497,0.07799172401428223,0.07151106745004654,0.06134931743144989,0.04942882061004639,0.16498648829501256
C:\Users\User\Desktop\DefectRAG\data\mvtec_loco_ad\breakfast_box\test\logical_anomalies\063.png,1,logical_anomalies,0.09144777059555054,0.0778825432062149,0.0702299103140831,0.06607288867235184,0.05000537633895874,0.15466678110651944
C:\Users\User\Desktop\DefectRAG\data\mvtec_loco_ad\breakfast_box\test\logical_anomalies\064.png,1,logical_anomalies,0.07431447505950928,0.06894824653863907,0.06224198266863823,0.05158655345439911,0.04863196611404419,0.07612623803360341
C:\Users\User\Desktop\DefectRAG\data\mvtec_loco_ad\breakfast_box\test\logical_anomalies\065.png,1,logical_anomalies,0.1591506004333496,0.15490002930164337,0.13057003915309906,0.118604376912117,0.13947778940200806,0.9739972268088892
C:\Users\User\Desktop\DefectRAG\data\mvtec_loco_ad\breakfast_box\test\logical_anomalies\066.png,1,logical_anomalies,0.07478165626525879,0.0719713419675827,0.06298331171274185,0.05467943102121353,0.04783231019973755,0.0807658159789985
C:\Users\User\Desktop\DefectRAG\data\mvtec_loco_ad\breakfast_box\test\logical_anomalies\067.png,1,logical_anomalies,0.13715779781341553,0.12881115078926086,0.11604050546884537,0.10682855546474457,0.12367349863052368,0.7931113040943969
C:\Users\User\Desktop\DefectRAG\data\mvtec_loco_ad\breakfast_box\test\logical_anomalies\068.png,1,logical_anomalies,0.0978497862815857,0.08785494416952133,0.08063870668411255,0.06972698867321014,0.06517469882965088,0.29524608504464933
C:\Users\User\Desktop\DefectRAG\data\mvtec_loco_ad\breakfast_box\test\logical_anomalies\069.png,1,logical_anomalies,0.08519983291625977,0.07924876362085342,0.06826576590538025,0.06197512894868851,0.0514371395111084,0.1404112221870312
C:\Users\User\Desktop\DefectRAG\data\mvtec_loco_ad\breakfast_box\test\logical_anomalies\070.png,1,logical_anomalies,0.10333800315856934,0.08898086845874786,0.08182259649038315,0.06825176626443863,0.05946701765060425,0.2899937304506956
C:\Users\User\Desktop\DefectRAG\data\mvtec_loco_ad\breakfast_box\test\logical_anomalies\071.png,1,logical_anomalies,0.11843317747116089,0.10456500202417374,0.09075773507356644,0.08110420405864716,0.0661270022392273,0.3924899403515394
C:\Users\User\Desktop\DefectRAG\data\mvtec_loco_ad\breakfast_box\test\logical_anomalies\072.png,1,logical_anomalies,0.08202129602432251,0.07238688319921494,0.062387339770793915,0.05529899522662163,0.08993607759475708,0.19552091963645055
C:\Users\User\Desktop\DefectRAG\data\mvtec_loco_ad\breakfast_box\test\logical_anomalies\073.png,1,logical_anomalies,0.11422652006149292,0.09218426793813705,0.07016026228666306,0.054641857743263245,0.055205583572387695,0.16887709580728358
C:\Users\User\Desktop\DefectRAG\data\mvtec_loco_ad\breakfast_box\test\logical_anomalies\074.png,1,logical_anomalies,0.09058570861816406,0.08094775676727295,0.06820259243249893,0.06200498715043068,0.056400835514068604,0.15400612570341732
C:\Users\User\Desktop\DefectRAG\data\mvtec_loco_ad\breakfast_box\test\logical_anomalies\075.png,1,logical_anomalies,0.09013229608535767,0.0708504319190979,0.05877206102013588,0.052912939339876175,0.07352721691131592,0.11485795043257256
C:\Users\User\Desktop\DefectRAG\data\mvtec_loco_ad\breakfast_box\test\logical_anomalies\076.png,1,logical_anomalies,0.10000509023666382,0.08684518188238144,0.06785906106233597,0.05346125364303589,0.05711489915847778,0.15283779657036378
C:\Users\User\Desktop\DefectRAG\data\mvtec_loco_ad\breakfast_box\test\logical_anomalies\077.png,1,logical_anomalies,0.06857490539550781,0.06384849548339844,0.0543421134352684,0.04533188417553902,0.0462186336517334,0.022250726252821585
C:\Users\User\Desktop\DefectRAG\data\mvtec_loco_ad\breakfast_box\test\logical_anomalies\078.png,1,logical_anomalies,0.13987421989440918,0.12441344559192657,0.11000356823205948,0.0994681566953659,0.1493343710899353,0.793122442028789
C:\Users\User\Desktop\DefectRAG\data\mvtec_loco_ad\breakfast_box\test\logical_anomalies\079.png,1,logical_anomalies,0.1323714256286621,0.12725433707237244,0.11316094547510147,0.1038169115781784,0.15139412879943848,0.8226156789870372
C:\Users\User\Desktop\DefectRAG\data\mvtec_loco_ad\breakfast_box\test\logical_anomalies\080.png,1,logical_anomalies,0.0847327709197998,0.0758189782500267,0.06760159879922867,0.06233202666044235,0.05317944288253784,0.1391862705359395
C:\Users\User\Desktop\DefectRAG\data\mvtec_loco_ad\breakfast_box\test\logical_anomalies\081.png,1,logical_anomalies,0.08396071195602417,0.07138127088546753,0.06163903325796127,0.05687721073627472,0.07191717624664307,0.13703740166849615
C:\Users\User\Desktop\DefectRAG\data\mvtec_loco_ad\breakfast_box\test\logical_anomalies\082.png,1,logical_anomalies,0.14100778102874756,0.13167883455753326,0.11462908983230591,0.10172002762556076,0.14087122678756714,0.8290740279441671
C:\Users\User\Desktop\DefectRAG\data\mvtec_loco_ad\breakfast_box\test\structural_anomalies\000.png,1,structural_anomalies,0.07008004188537598,0.06699703633785248,0.061505068093538284,0.05266876891255379,0.04476475715637207,0.058191155093608185
C:\Users\User\Desktop\DefectRAG\data\mvtec_loco_ad\breakfast_box\test\structural_anomalies\001.png,1,structural_anomalies,0.06499999761581421,0.06285049766302109,0.05769296735525131,0.049584705382585526,0.04263263940811157,0.016489046426654077
C:\Users\User\Desktop\DefectRAG\data\mvtec_loco_ad\breakfast_box\test\structural_anomalies\002.png,1,structural_anomalies,0.10175299644470215,0.0882495790719986,0.07964868098497391,0.06765381246805191,0.059000372886657715,0.26835350960016957
C:\Users\User\Desktop\DefectRAG\data\mvtec_loco_ad\breakfast_box\test\structural_anomalies\003.png,1,structural_anomalies,0.08229029178619385,0.07935354858636856,0.07205396890640259,0.06535252183675766,0.05738818645477295,0.19280365197270075
C:\Users\User\Desktop\DefectRAG\data\mvtec_loco_ad\breakfast_box\test\structural_anomalies\004.png,1,structural_anomalies,0.22825884819030762,0.21689672768115997,0.13583889603614807,0.09484733641147614,0.06010246276855469,0.7619272618423326
C:\Users\User\Desktop\DefectRAG\data\mvtec_loco_ad\breakfast_box\test\structural_anomalies\005.png,1,structural_anomalies,0.08061951398849487,0.07789500802755356,0.07017312198877335,0.05807945132255554,0.04964923858642578,0.15311856494141562
C:\Users\User\Desktop\DefectRAG\data\mvtec_loco_ad\breakfast_box\test\structural_anomalies\006.png,1,structural_anomalies,0.0655057430267334,0.0632123351097107,0.05801508203148842,0.05231581628322601,0.03964048624038696,0.010947106929228114
C:\Users\User\Desktop\DefectRAG\data\mvtec_loco_ad\breakfast_box\test\structural_anomalies\007.png,1,structural_anomalies,0.1222793459892273,0.1037815660238266,0.07619239389896393,0.06508859246969223,0.047590672969818115,0.2034620503424605
C:\Users\User\Desktop\DefectRAG\data\mvtec_loco_ad\breakfast_box\test\structural_anomalies\008.png,1,structural_anomalies,0.15166997909545898,0.12217573076486588,0.08566025644540787,0.0702706053853035,0.037719786167144775,0.26573020866344427
C:\Users\User\Desktop\DefectRAG\data\mvtec_loco_ad\breakfast_box\test\structural_anomalies\009.png,1,structural_anomalies,0.09050893783569336,0.07569842040538788,0.06788136810064316,0.05822712182998657,0.050718486309051514,0.13476680847462633
C:\Users\User\Desktop\DefectRAG\data\mvtec_loco_ad\breakfast_box\test\structural_anomalies\010.png,1,structural_anomalies,0.24524474143981934,0.20477750897407532,0.099740169942379,0.07551351934671402,0.05409151315689087,0.44200092673367586
C:\Users\User\Desktop\DefectRAG\data\mvtec_loco_ad\breakfast_box\test\structural_anomalies\011.png,1,structural_anomalies,0.24756956100463867,0.13436223566532135,0.10267291218042374,0.08109931647777557,0.06593769788742065,0.5032492895583723
C:\Users\User\Desktop\DefectRAG\data\mvtec_loco_ad\breakfast_box\test\structural_anomalies\012.png,1,structural_anomalies,0.13790160417556763,0.0970999151468277,0.07349872589111328,0.06256740540266037,0.05684185028076172,0.20473791445751882
C:\Users\User\Desktop\DefectRAG\data\mvtec_loco_ad\breakfast_box\test\structural_anomalies\013.png,1,structural_anomalies,0.07114887237548828,0.06611491739749908,0.059693023562431335,0.05286581814289093,0.04685854911804199,0.04724828348215266
C:\Users\User\Desktop\DefectRAG\data\mvtec_loco_ad\breakfast_box\test\structural_anomalies\014.png,1,structural_anomalies,0.239388108253479,0.1598297506570816,0.08727815002202988,0.06712719053030014,0.04639887809753418,0.30360886293067996
C:\Users\User\Desktop\DefectRAG\data\mvtec_loco_ad\breakfast_box\test\structural_anomalies\015.png,1,structural_anomalies,0.08087706565856934,0.07327433675527573,0.06649011373519897,0.057711161673069,0.05368000268936157,0.13023430216449317
C:\Users\User\Desktop\DefectRAG\data\mvtec_loco_ad\breakfast_box\test\structural_anomalies\016.png,1,structural_anomalies,0.16511386632919312,0.1320537030696869,0.08545014262199402,0.06885707378387451,0.057006001472473145,0.31684586817721
C:\Users\User\Desktop\DefectRAG\data\mvtec_loco_ad\breakfast_box\test\structural_anomalies\017.png,1,structural_anomalies,0.1766490936279297,0.14220188558101654,0.08510822057723999,0.06817559897899628,0.0501704216003418,0.2941175656139828
C:\Users\User\Desktop\DefectRAG\data\mvtec_loco_ad\breakfast_box\test\structural_anomalies\018.png,1,structural_anomalies,0.35310548543930054,0.33465054631233215,0.16321617364883423,0.10777116566896439,0.056229352951049805,0.750858875864423
C:\Users\User\Desktop\DefectRAG\data\mvtec_loco_ad\breakfast_box\test\structural_anomalies\019.png,1,structural_anomalies,0.09467804431915283,0.07579449564218521,0.06582577526569366,0.05513719841837883,0.04229426383972168,0.09149106545885755
C:\Users\User\Desktop\DefectRAG\data\mvtec_loco_ad\breakfast_box\test\structural_anomalies\020.png,1,structural_anomalies,0.22994160652160645,0.13232314586639404,0.08626429736614227,0.07249756902456284,0.05616557598114014,0.3220492057231444
C:\Users\User\Desktop\DefectRAG\data\mvtec_loco_ad\breakfast_box\test\structural_anomalies\021.png,1,structural_anomalies,0.11486262083053589,0.0786118134856224,0.06441348791122437,0.052389957010746,0.04346823692321777,0.08165373401611156
C:\Users\User\Desktop\DefectRAG\data\mvtec_loco_ad\breakfast_box\test\structural_anomalies\022.png,1,structural_anomalies,0.09011310338973999,0.07290437072515488,0.06357908248901367,0.05747790262103081,0.04230397939682007,0.07053234755182328
C:\Users\User\Desktop\DefectRAG\data\mvtec_loco_ad\breakfast_box\test\structural_anomalies\023.png,1,structural_anomalies,0.10085153579711914,0.09078089892864227,0.06361328810453415,0.053153302520513535,0.06551235914230347,0.13717564966377974
C:\Users\User\Desktop\DefectRAG\data\mvtec_loco_ad\breakfast_box\test\structural_anomalies\024.png,1,structural_anomalies,0.10644537210464478,0.08311648666858673,0.06968481093645096,0.06367460638284683,0.05393052101135254,0.1607920660826685
C:\Users\User\Desktop\DefectRAG\data\mvtec_loco_ad\breakfast_box\test\structural_anomalies\025.png,1,structural_anomalies,0.1918250322341919,0.12640032172203064,0.08635027706623077,0.06552494317293167,0.052363038063049316,0.31198563788215833
C:\Users\User\Desktop\DefectRAG\data\mvtec_loco_ad\breakfast_box\test\structural_anomalies\026.png,1,structural_anomalies,0.1500343680381775,0.09494099766016006,0.06363672018051147,0.05420629680156708,0.049501657485961914,0.09163992089049142
C:\Users\User\Desktop\DefectRAG\data\mvtec_loco_ad\breakfast_box\test\structural_anomalies\027.png,1,structural_anomalies,0.19296884536743164,0.10246329009532928,0.0676552876830101,0.05697084590792656,0.039577364921569824,0.10081642063579681
C:\Users\User\Desktop\DefectRAG\data\mvtec_loco_ad\breakfast_box\test\structural_anomalies\028.png,1,structural_anomalies,0.07984775304794312,0.07825793325901031,0.06697967648506165,0.058030471205711365,0.056170761585235596,0.14192530546919732
C:\Users\User\Desktop\DefectRAG\data\mvtec_loco_ad\breakfast_box\test\structural_anomalies\029.png,1,structural_anomalies,0.16329973936080933,0.14047560095787048,0.0923742726445198,0.07434193789958954,0.06314921379089355,0.3990803281222522
C:\Users\User\Desktop\DefectRAG\data\mvtec_loco_ad\breakfast_box\test\structural_anomalies\030.png,1,structural_anomalies,0.23123794794082642,0.18165074288845062,0.11814719438552856,0.09060653299093246,0.059255778789520264,0.6287001575148664
C:\Users\User\Desktop\DefectRAG\data\mvtec_loco_ad\breakfast_box\test\structural_anomalies\031.png,1,structural_anomalies,0.11592429876327515,0.09514427185058594,0.07581032812595367,0.06434986740350723,0.05883300304412842,0.2320209399816341
C:\Users\User\Desktop\DefectRAG\data\mvtec_loco_ad\breakfast_box\test\structural_anomalies\032.png,1,structural_anomalies,0.1424351930618286,0.1147945299744606,0.08945197612047195,0.0798511952161789,0.0735064148902893,0.4013813018218978
C:\Users\User\Desktop\DefectRAG\data\mvtec_loco_ad\breakfast_box\test\structural_anomalies\033.png,1,structural_anomalies,0.08962267637252808,0.07193048298358917,0.06094970181584358,0.05422227084636688,0.03878486156463623,0.03591439120929046
C:\Users\User\Desktop\DefectRAG\data\mvtec_loco_ad\breakfast_box\test\structural_anomalies\034.png,1,structural_anomalies,0.06358033418655396,0.06094997003674507,0.055096738040447235,0.048150982707738876,0.04538041353225708,0.019855301321960672
C:\Users\User\Desktop\DefectRAG\data\mvtec_loco_ad\breakfast_box\test\structural_anomalies\035.png,1,structural_anomalies,0.23093736171722412,0.13542406260967255,0.0865287259221077,0.06679350137710571,0.05379939079284668,0.317757277985386
C:\Users\User\Desktop\DefectRAG\data\mvtec_loco_ad\breakfast_box\test\structural_anomalies\036.png,1,structural_anomalies,0.09327799081802368,0.0866447314620018,0.07563506811857224,0.06691428273916245,0.04860818386077881,0.2011638325671769
C:\Users\User\Desktop\DefectRAG\data\mvtec_loco_ad\breakfast_box\test\structural_anomalies\037.png,1,structural_anomalies,0.10591268539428711,0.09699712693691254,0.07783393561840057,0.06379615515470505,0.05149853229522705,0.22996347455692479
C:\Users\User\Desktop\DefectRAG\data\mvtec_loco_ad\breakfast_box\test\structural_anomalies\038.png,1,structural_anomalies,0.08784425258636475,0.07909844070672989,0.06835572421550751,0.06113627552986145,0.044934868812561035,0.12266965295205702
C:\Users\User\Desktop\DefectRAG\data\mvtec_loco_ad\breakfast_box\test\structural_anomalies\039.png,1,structural_anomalies,0.19547772407531738,0.10330083221197128,0.07148506492376328,0.059608228504657745,0.0476377010345459,0.15962502232132778
C:\Users\User\Desktop\DefectRAG\data\mvtec_loco_ad\breakfast_box\test\structural_anomalies\040.png,1,structural_anomalies,0.19191974401474,0.14493680000305176,0.08933625370264053,0.07178343087434769,0.05787438154220581,0.35562786314269734
C:\Users\User\Desktop\DefectRAG\data\mvtec_loco_ad\breakfast_box\test\structural_anomalies\041.png,1,structural_anomalies,0.11043602228164673,0.09397518634796143,0.07357470691204071,0.06242731213569641,0.043828606605529785,0.16825903880659773
C:\Users\User\Desktop\DefectRAG\data\mvtec_loco_ad\breakfast_box\test\structural_anomalies\042.png,1,structural_anomalies,0.10929971933364868,0.06920500844717026,0.05779285356402397,0.05198662728071213,0.04364985227584839,0.020329030827679066
C:\Users\User\Desktop\DefectRAG\data\mvtec_loco_ad\breakfast_box\test\structural_anomalies\043.png,1,structural_anomalies,0.10376197099685669,0.08237142860889435,0.07439123839139938,0.06475245207548141,0.06218695640563965,0.22834990936706384
C:\Users\User\Desktop\DefectRAG\data\mvtec_loco_ad\breakfast_box\test\structural_anomalies\044.png,1,structural_anomalies,0.11432677507400513,0.1074640303850174,0.0896504670381546,0.07062310725450516,0.05924874544143677,0.3624905381407617
C:\Users\User\Desktop\DefectRAG\data\mvtec_loco_ad\breakfast_box\test\structural_anomalies\045.png,1,structural_anomalies,0.0762333869934082,0.06820064783096313,0.0605047307908535,0.048394232988357544,0.0416797399520874,0.040030735535613614
C:\Users\User\Desktop\DefectRAG\data\mvtec_loco_ad\breakfast_box\test\structural_anomalies\046.png,1,structural_anomalies,0.09325820207595825,0.08566506206989288,0.07659555971622467,0.06363345682621002,0.0476645827293396,0.20743926046902125
C:\Users\User\Desktop\DefectRAG\data\mvtec_loco_ad\breakfast_box\test\structural_anomalies\047.png,1,structural_anomalies,0.11242932081222534,0.08068858087062836,0.0686083436012268,0.05826862156391144,0.048875391483306885,0.13629041989676954
C:\Users\User\Desktop\DefectRAG\data\mvtec_loco_ad\breakfast_box\test\structural_anomalies\048.png,1,structural_anomalies,0.14137756824493408,0.12105568498373032,0.08399932086467743,0.06780820339918137,0.05381965637207031,0.2941878782362071
C:\Users\User\Desktop\DefectRAG\data\mvtec_loco_ad\breakfast_box\test\structural_anomalies\049.png,1,structural_anomalies,0.08614557981491089,0.08353932201862335,0.07648111879825592,0.06287286430597305,0.048836588859558105,0.20971956392465754
C:\Users\User\Desktop\DefectRAG\data\mvtec_loco_ad\breakfast_box\test\structural_anomalies\050.png,1,structural_anomalies,0.10722017288208008,0.10301630198955536,0.09099581092596054,0.07050588726997375,0.0689922571182251,0.4029020070323555
C:\Users\User\Desktop\DefectRAG\data\mvtec_loco_ad\breakfast_box\test\structural_anomalies\051.png,1,structural_anomalies,0.1395135521888733,0.11118267476558685,0.08575784415006638,0.07069061696529388,0.0427628755569458,0.2790168087063046
C:\Users\User\Desktop\DefectRAG\data\mvtec_loco_ad\breakfast_box\test\structural_anomalies\052.png,1,structural_anomalies,0.08305585384368896,0.07157941907644272,0.06287254393100739,0.05587232485413551,0.04736602306365967,0.07839859511749253
C:\Users\User\Desktop\DefectRAG\data\mvtec_loco_ad\breakfast_box\test\structural_anomalies\053.png,1,structural_anomalies,0.09451431035995483,0.07624677568674088,0.06370218098163605,0.055229589343070984,0.045118510723114014,0.07972544898460385
C:\Users\User\Desktop\DefectRAG\data\mvtec_loco_ad\breakfast_box\test\structural_anomalies\054.png,1,structural_anomalies,0.10452687740325928,0.07883314788341522,0.06507919728755951,0.05848270282149315,0.060369014739990234,0.1361703881560328
C:\Users\User\Desktop\DefectRAG\data\mvtec_loco_ad\breakfast_box\test\structural_anomalies\055.png,1,structural_anomalies,0.08999359607696533,0.07845082134008408,0.06799572706222534,0.05625755339860916,0.052729010581970215,0.14158062097573154
C:\Users\User\Desktop\DefectRAG\data\mvtec_loco_ad\breakfast_box\test\structural_anomalies\056.png,1,structural_anomalies,0.12529826164245605,0.09254638850688934,0.06791707128286362,0.057641226798295975,0.04678165912628174,0.12384983950767973
C:\Users\User\Desktop\DefectRAG\data\mvtec_loco_ad\breakfast_box\test\structural_anomalies\057.png,1,structural_anomalies,0.09350544214248657,0.07844725996255875,0.06537161022424698,0.05610790103673935,0.039122819900512695,0.07818548531626265
C:\Users\User\Desktop\DefectRAG\data\mvtec_loco_ad\breakfast_box\test\structural_anomalies\058.png,1,structural_anomalies,0.08034223318099976,0.07372995465993881,0.062382590025663376,0.05328419804573059,0.04017019271850586,0.05325801230241198
C:\Users\User\Desktop\DefectRAG\data\mvtec_loco_ad\breakfast_box\test\structural_anomalies\059.png,1,structural_anomalies,0.1225014328956604,0.0779898390173912,0.06320308148860931,0.05544205382466316,0.038280367851257324,0.05595648464193083
C:\Users\User\Desktop\DefectRAG\data\mvtec_loco_ad\breakfast_box\test\structural_anomalies\060.png,1,structural_anomalies,0.0829315185546875,0.07972023636102676,0.0730213150382042,0.06337764859199524,0.05233728885650635,0.1874054751986054
C:\Users\User\Desktop\DefectRAG\data\mvtec_loco_ad\breakfast_box\test\structural_anomalies\061.png,1,structural_anomalies,0.06983691453933716,0.06313681602478027,0.059003278613090515,0.049597226083278656,0.0399208664894104,0.02097916344321834
C:\Users\User\Desktop\DefectRAG\data\mvtec_loco_ad\breakfast_box\test\structural_anomalies\062.png,1,structural_anomalies,0.10801970958709717,0.0995953306555748,0.08140943944454193,0.06837516278028488,0.050562500953674316,0.26068751014036157
C:\Users\User\Desktop\DefectRAG\data\mvtec_loco_ad\breakfast_box\test\structural_anomalies\063.png,1,structural_anomalies,0.06604146957397461,0.06178004667162895,0.05676272138953209,0.050653520971536636,0.04102599620819092,0.007411458022234879
C:\Users\User\Desktop\DefectRAG\data\mvtec_loco_ad\breakfast_box\test\structural_anomalies\064.png,1,structural_anomalies,0.08353716135025024,0.07947485148906708,0.07006778568029404,0.06271209567785263,0.04649639129638672,0.14312455805739574
C:\Users\User\Desktop\DefectRAG\data\mvtec_loco_ad\breakfast_box\test\structural_anomalies\065.png,1,structural_anomalies,0.08904486894607544,0.07900778949260712,0.07122057676315308,0.06275001913309097,0.05609852075576782,0.18133334519131714
C:\Users\User\Desktop\DefectRAG\data\mvtec_loco_ad\breakfast_box\test\structural_anomalies\066.png,1,structural_anomalies,0.06647974252700806,0.06536370515823364,0.05914874002337456,0.052219025790691376,0.04128074645996094,0.026224125822950535
C:\Users\User\Desktop\DefectRAG\data\mvtec_loco_ad\breakfast_box\test\structural_anomalies\067.png,1,structural_anomalies,0.07586205005645752,0.07465070486068726,0.06907464563846588,0.05970260500907898,0.04607045650482178,0.13263036567131825
C:\Users\User\Desktop\DefectRAG\data\mvtec_loco_ad\breakfast_box\test\structural_anomalies\068.png,1,structural_anomalies,0.07655477523803711,0.06756444275379181,0.0607641376554966,0.0532546304166317,0.04095125198364258,0.04037203183397187
C:\Users\User\Desktop\DefectRAG\data\mvtec_loco_ad\breakfast_box\test\structural_anomalies\069.png,1,structural_anomalies,0.0723828673362732,0.06664266437292099,0.061179500073194504,0.052791062742471695,0.04125368595123291,0.045116236518636374
C:\Users\User\Desktop\DefectRAG\data\mvtec_loco_ad\breakfast_box\test\structural_anomalies\070.png,1,structural_anomalies,0.1849989891052246,0.162406787276268,0.09852365404367447,0.07827719300985336,0.05276036262512207,0.4268332862310804
C:\Users\User\Desktop\DefectRAG\data\mvtec_loco_ad\breakfast_box\test\structural_anomalies\071.png,1,structural_anomalies,0.07693171501159668,0.07125459611415863,0.06568954885005951,0.053212497383356094,0.038366615772247314,0.07918271497022282
C:\Users\User\Desktop\DefectRAG\data\mvtec_loco_ad\breakfast_box\test\structural_anomalies\072.png,1,structural_anomalies,0.06447708606719971,0.06207023933529854,0.05637127533555031,0.04856265336275101,0.04102325439453125,0.007403622599720508
C:\Users\User\Desktop\DefectRAG\data\mvtec_loco_ad\breakfast_box\test\structural_anomalies\073.png,1,structural_anomalies,0.07775735855102539,0.0697120875120163,0.05817733332514763,0.04758518189191818,0.04102903604507446,0.016430835812030663
C:\Users\User\Desktop\DefectRAG\data\mvtec_loco_ad\breakfast_box\test\structural_anomalies\074.png,1,structural_anomalies,0.08103269338607788,0.07695428282022476,0.06885311752557755,0.05704284459352493,0.05760300159454346,0.16351820898873543
C:\Users\User\Desktop\DefectRAG\data\mvtec_loco_ad\breakfast_box\test\structural_anomalies\075.png,1,structural_anomalies,0.13359451293945312,0.11374789476394653,0.09638980776071548,0.08585213124752045,0.0883638858795166,0.5086469364515802
C:\Users\User\Desktop\DefectRAG\data\mvtec_loco_ad\breakfast_box\test\structural_anomalies\076.png,1,structural_anomalies,0.17959904670715332,0.13257218897342682,0.10677818208932877,0.09457296133041382,0.0996633768081665,0.6379764594236725
C:\Users\User\Desktop\DefectRAG\data\mvtec_loco_ad\breakfast_box\test\structural_anomalies\077.png,1,structural_anomalies,0.14347243309020996,0.13356414437294006,0.11500571668148041,0.10592542588710785,0.10800373554229736,0.7386649929610172
C:\Users\User\Desktop\DefectRAG\data\mvtec_loco_ad\breakfast_box\test\structural_anomalies\078.png,1,structural_anomalies,0.12242060899734497,0.11076469719409943,0.0939946100115776,0.08549650758504868,0.08004271984100342,0.46249343467324927
C:\Users\User\Desktop\DefectRAG\data\mvtec_loco_ad\breakfast_box\test\structural_anomalies\079.png,1,structural_anomalies,0.15407532453536987,0.13590998947620392,0.11657965928316116,0.10063237696886063,0.08316755294799805,0.6823916367750791
C:\Users\User\Desktop\DefectRAG\data\mvtec_loco_ad\breakfast_box\test\structural_anomalies\080.png,1,structural_anomalies,0.12928235530853271,0.12250417470932007,0.1088678240776062,0.09886180609464645,0.08154308795928955,0.605712636418822
C:\Users\User\Desktop\DefectRAG\data\mvtec_loco_ad\breakfast_box\test\structural_anomalies\081.png,1,structural_anomalies,0.13548433780670166,0.12768450379371643,0.11160991340875626,0.10199765115976334,0.10189270973205566,0.6894808110568038
C:\Users\User\Desktop\DefectRAG\data\mvtec_loco_ad\breakfast_box\test\structural_anomalies\082.png,1,structural_anomalies,0.1203240156173706,0.11664539575576782,0.1031530499458313,0.09280706942081451,0.07417178153991699,0.5312652493665894
C:\Users\User\Desktop\DefectRAG\data\mvtec_loco_ad\breakfast_box\test\structural_anomalies\083.png,1,structural_anomalies,0.08408695459365845,0.07973359525203705,0.0683235302567482,0.05697749927639961,0.07640033960342407,0.21228942850920796
C:\Users\User\Desktop\DefectRAG\data\mvtec_loco_ad\breakfast_box\test\structural_anomalies\084.png,1,structural_anomalies,0.10432571172714233,0.09718851745128632,0.07949094474315643,0.06939147412776947,0.08879423141479492,0.3520235349833434
C:\Users\User\Desktop\DefectRAG\data\mvtec_loco_ad\breakfast_box\test\structural_anomalies\085.png,1,structural_anomalies,0.095608651638031,0.08341503143310547,0.06819715350866318,0.0606452152132988,0.07902675867080688,0.21861458968323022
C:\Users\User\Desktop\DefectRAG\data\mvtec_loco_ad\breakfast_box\test\structural_anomalies\086.png,1,structural_anomalies,0.09813535213470459,0.08629345893859863,0.06964699923992157,0.058569204062223434,0.07085531949996948,0.2088057357504104
C:\Users\User\Desktop\DefectRAG\data\mvtec_loco_ad\breakfast_box\test\structural_anomalies\087.png,1,structural_anomalies,0.08356994390487671,0.07591427862644196,0.06656120717525482,0.056935641914606094,0.06761801242828369,0.17072976030573406
C:\Users\User\Desktop\DefectRAG\data\mvtec_loco_ad\breakfast_box\test\structural_anomalies\088.png,1,structural_anomalies,0.09922802448272705,0.09681296348571777,0.07827965170145035,0.0666348934173584,0.08339506387710571,0.32527929916180387
C:\Users\User\Desktop\DefectRAG\data\mvtec_loco_ad\breakfast_box\test\structural_anomalies\089.png,1,structural_anomalies,0.08543658256530762,0.07907672971487045,0.07102789729833603,0.06468156725168228,0.08502519130706787,0.2621987561061027
