category,anomaly_type,image_path,mask_path,image_anomaly_score,max_patch_row,max_patch_col,pixel_auroc,overlap_0.25,overlap_0.50,overlap_0.75
breakfast_box,logical_anomalies,C:\Users\User\Desktop\DefectRAG\data\mvtec_loco_ad\breakfast_box\test\logical_anomalies\000.png,C:\Users\User\Desktop\DefectRAG\data\mvtec_loco_ad\breakfast_box\ground_truth\logical_anomalies\000\000.png,0.1136549711227417,3,12,0.919482745401761,0.7793875191874017,0.5602562487483123,0.05867618494853497
breakfast_box,logical_anomalies,C:\Users\User\Desktop\DefectRAG\data\mvtec_loco_ad\breakfast_box\test\logical_anomalies\001.png,C:\Users\User\Desktop\DefectRAG\data\mvtec_loco_ad\breakfast_box\ground_truth\logical_anomalies\001\000.png,0.13879728317260742,6,12,0.9137620479845792,0.7954828002937452,0.2776541980165588,0.016089863728006883
breakfast_box,logical_anomalies,C:\Users\User\Desktop\DefectRAG\data\mvtec_loco_ad\breakfast_box\test\logical_anomalies\002.png,C:\Users\User\Desktop\DefectRAG\data\mvtec_loco_ad\breakfast_box\ground_truth\logical_anomalies\002\000.png,0.1177486777305603,8,1,0.9090068007338129,0.7832654625128986,0.5889419836843153,0.10622667959654067
breakfast_box,logical_anomalies,C:\Users\User\Desktop\DefectRAG\data\mvtec_loco_ad\breakfast_box\test\logical_anomalies\003.png,C:\Users\User\Desktop\DefectRAG\data\mvtec_loco_ad\breakfast_box\ground_truth\logical_anomalies\003\000.png,0.08265644311904907,11,12,0.989050257944222,0.2424237105573836,0.7256400218317526,0.3498867638254118
breakfast_box,logical_anomalies,C:\Users\User\Desktop\DefectRAG\data\mvtec_loco_ad\breakfast_box\test\logical_anomalies\004.png,C:\Users\User\Desktop\DefectRAG\data\mvtec_loco_ad\breakfast_box\ground_truth\logical_anomalies\004\000.png,0.08854812383651733,11,9,0.993327795131419,0.29205792521749885,0.8614080972112643,0.35569078006456273
breakfast_box,logical_anomalies,C:\Users\User\Desktop\DefectRAG\data\mvtec_loco_ad\breakfast_box\test\logical_anomalies\005.png,C:\Users\User\Desktop\DefectRAG\data\mvtec_loco_ad\breakfast_box\ground_truth\logical_anomalies\005\000.png,0.07835155725479126,7,9,0.9881837453899827,0.26535289274066304,0.7811194895591648,0.6143955008940881
breakfast_box,logical_anomalies,C:\Users\User\Desktop\DefectRAG\data\mvtec_loco_ad\breakfast_box\test\logical_anomalies\006.png,C:\Users\User\Desktop\DefectRAG\data\mvtec_loco_ad\breakfast_box\ground_truth\logical_anomalies\006\000.png,0.070243239402771,8,7,0.9890088220863825,0.22906783708184567,0.6067926135651825,0.7699699417253528
breakfast_box,logical_anomalies,C:\Users\User\Desktop\DefectRAG\data\mvtec_loco_ad\breakfast_box\test\logical_anomalies\007.png,C:\Users\User\Desktop\DefectRAG\data\mvtec_loco_ad\breakfast_box\ground_truth\logical_anomalies\007\000.png,0.1021575927734375,8,12,0.9932731851641848,0.24713646791394867,0.781710633304244,0.7169814036501814
breakfast_box,logical_anomalies,C:\Users\User\Desktop\DefectRAG\data\mvtec_loco_ad\breakfast_box\test\logical_anomalies\008.png,C:\Users\User\Desktop\DefectRAG\data\mvtec_loco_ad\breakfast_box\ground_truth\logical_anomalies\008\000.png,0.0889962911605835,10,8,0.9902573110984908,0.2668064632896671,0.7661714599860643,0.6988376396840522
breakfast_box,logical_anomalies,C:\Users\User\Desktop\DefectRAG\data\mvtec_loco_ad\breakfast_box\test\logical_anomalies\009.png,C:\Users\User\Desktop\DefectRAG\data\mvtec_loco_ad\breakfast_box\ground_truth\logical_anomalies\009\000.png,0.09364300966262817,9,10,0.991483158484623,0.2970790644852873,0.7901145704223621,0.41160427286600215
breakfast_box,logical_anomalies,C:\Users\User\Desktop\DefectRAG\data\mvtec_loco_ad\breakfast_box\test\logical_anomalies\010.png,C:\Users\User\Desktop\DefectRAG\data\mvtec_loco_ad\breakfast_box\ground_truth\logical_anomalies\010\000.png,0.07671421766281128,11,11,0.99621113555985,0.2651115068054703,0.8473476191940206,0.3061923714506161
breakfast_box,logical_anomalies,C:\Users\User\Desktop\DefectRAG\data\mvtec_loco_ad\breakfast_box\test\logical_anomalies\011.png,C:\Users\User\Desktop\DefectRAG\data\mvtec_loco_ad\breakfast_box\ground_truth\logical_anomalies\011\000.png,0.08252054452896118,9,9,0.9945117952081214,0.22175046731183304,0.7046247765068946,0.7784120372867153
breakfast_box,logical_anomalies,C:\Users\User\Desktop\DefectRAG\data\mvtec_loco_ad\breakfast_box\test\logical_anomalies\012.png,C:\Users\User\Desktop\DefectRAG\data\mvtec_loco_ad\breakfast_box\ground_truth\logical_anomalies\012\000.png,0.09337246417999268,10,9,0.9928082312042451,0.285165768629898,0.8406964887391382,0.38092753530831547
breakfast_box,logical_anomalies,C:\Users\User\Desktop\DefectRAG\data\mvtec_loco_ad\breakfast_box\test\logical_anomalies\013.png,C:\Users\User\Desktop\DefectRAG\data\mvtec_loco_ad\breakfast_box\ground_truth\logical_anomalies\013\000.png,0.07107728719711304,8,8,0.9922624029732015,0.211933652597017,0.7310127194935434,0.8068337948834283
breakfast_box,logical_anomalies,C:\Users\User\Desktop\DefectRAG\data\mvtec_loco_ad\breakfast_box\test\logical_anomalies\014.png,C:\Users\User\Desktop\DefectRAG\data\mvtec_loco_ad\breakfast_box\ground_truth\logical_anomalies\014\000.png,0.1111183762550354,11,9,0.9951616797011033,0.26202584899127124,0.8289161549549958,0.2900468399156796
breakfast_box,logical_anomalies,C:\Users\User\Desktop\DefectRAG\data\mvtec_loco_ad\breakfast_box\test\logical_anomalies\015.png,C:\Users\User\Desktop\DefectRAG\data\mvtec_loco_ad\breakfast_box\ground_truth\logical_anomalies\015\000.png,0.07389378547668457,11,9,0.9784701041150075,0.21022023131034434,0.37103926677122345,0.405598923059611
breakfast_box,logical_anomalies,C:\Users\User\Desktop\DefectRAG\data\mvtec_loco_ad\breakfast_box\test\logical_anomalies\016.png,C:\Users\User\Desktop\DefectRAG\data\mvtec_loco_ad\breakfast_box\ground_truth\logical_anomalies\016\000.png,0.07210463285446167,10,11,0.9237748348813801,0.20972777453790736,0.33873352505786447,0.27977224713097204
breakfast_box,logical_anomalies,C:\Users\User\Desktop\DefectRAG\data\mvtec_loco_ad\breakfast_box\test\logical_anomalies\017.png,C:\Users\User\Desktop\DefectRAG\data\mvtec_loco_ad\breakfast_box\ground_truth\logical_anomalies\017\000.png,0.09036248922348022,9,9,0.9867620320589918,0.21567147518381066,0.770163837762709,0.23060117295734348
breakfast_box,logical_anomalies,C:\Users\User\Desktop\DefectRAG\data\mvtec_loco_ad\breakfast_box\test\logical_anomalies\018.png,C:\Users\User\Desktop\DefectRAG\data\mvtec_loco_ad\breakfast_box\ground_truth\logical_anomalies\018\000.png,0.07613056898117065,11,7,0.9822012050139814,0.20030003942720936,0.6689224866234863,0.23148091665141626
breakfast_box,logical_anomalies,C:\Users\User\Desktop\DefectRAG\data\mvtec_loco_ad\breakfast_box\test\logical_anomalies\019.png,C:\Users\User\Desktop\DefectRAG\data\mvtec_loco_ad\breakfast_box\ground_truth\logical_anomalies\019\000.png,0.0833551287651062,11,7,0.9938124697264479,0.23433228830442773,0.7373378021607654,0.5131118559920957
breakfast_box,logical_anomalies,C:\Users\User\Desktop\DefectRAG\data\mvtec_loco_ad\breakfast_box\test\logical_anomalies\020.png,C:\Users\User\Desktop\DefectRAG\data\mvtec_loco_ad\breakfast_box\ground_truth\logical_anomalies\020\000.png,0.07356011867523193,2,1,0.9879519721717708,0.21405870513192926,0.47189896099432516,0.6168039054001215
breakfast_box,logical_anomalies,C:\Users\User\Desktop\DefectRAG\data\mvtec_loco_ad\breakfast_box\test\logical_anomalies\021.png,C:\Users\User\Desktop\DefectRAG\data\mvtec_loco_ad\breakfast_box\ground_truth\logical_anomalies\021\000.png,0.07216125726699829,9,7,0.9310505577744086,0.20895828307587455,0.3001441921252692,0.49161868142610426
breakfast_box,logical_anomalies,C:\Users\User\Desktop\DefectRAG\data\mvtec_loco_ad\breakfast_box\test\logical_anomalies\022.png,C:\Users\User\Desktop\DefectRAG\data\mvtec_loco_ad\breakfast_box\ground_truth\logical_anomalies\022\000.png,0.09211474657058716,8,9,0.9879672259839245,0.2718434144030322,0.7768051831526672,0.09820844567107509
breakfast_box,logical_anomalies,C:\Users\User\Desktop\DefectRAG\data\mvtec_loco_ad\breakfast_box\test\logical_anomalies\023.png,C:\Users\User\Desktop\DefectRAG\data\mvtec_loco_ad\breakfast_box\ground_truth\logical_anomalies\023\000.png,0.09344977140426636,11,9,0.9495358902470125,0.258369959494107,0.3548126357982772,0.08920431337309043
breakfast_box,logical_anomalies,C:\Users\User\Desktop\DefectRAG\data\mvtec_loco_ad\breakfast_box\test\logical_anomalies\024.png,C:\Users\User\Desktop\DefectRAG\data\mvtec_loco_ad\breakfast_box\ground_truth\logical_anomalies\024\000.png,0.08202028274536133,11,7,0.9911730338820833,0.24517693486092382,0.5752397175591395,0.7432921078455705
breakfast_box,logical_anomalies,C:\Users\User\Desktop\DefectRAG\data\mvtec_loco_ad\breakfast_box\test\logical_anomalies\025.png,C:\Users\User\Desktop\DefectRAG\data\mvtec_loco_ad\breakfast_box\ground_truth\logical_anomalies\025\000.png,0.17348819971084595,5,10,0.9464165882235549,0.5014885438435033,0.5816564581811201,0.2296800836663002
breakfast_box,logical_anomalies,C:\Users\User\Desktop\DefectRAG\data\mvtec_loco_ad\breakfast_box\test\logical_anomalies\026.png,C:\Users\User\Desktop\DefectRAG\data\mvtec_loco_ad\breakfast_box\ground_truth\logical_anomalies\026\000.png,0.17993181943893433,4,9,0.949535463798677,0.5152280514054998,0.5437631441967239,0.2949619797536357
breakfast_box,logical_anomalies,C:\Users\User\Desktop\DefectRAG\data\mvtec_loco_ad\breakfast_box\test\logical_anomalies\027.png,C:\Users\User\Desktop\DefectRAG\data\mvtec_loco_ad\breakfast_box\ground_truth\logical_anomalies\027\000.png,0.17120623588562012,6,10,0.9511118393289311,0.522464125265464,0.5519142551246082,0.2889557887493549
breakfast_box,logical_anomalies,C:\Users\User\Desktop\DefectRAG\data\mvtec_loco_ad\breakfast_box\test\logical_anomalies\028.png,C:\Users\User\Desktop\DefectRAG\data\mvtec_loco_ad\breakfast_box\ground_truth\logical_anomalies\028\000.png,0.16747838258743286,5,8,0.9158107947686343,0.4986361453093005,0.41299588189096653,0.2614495453737301
breakfast_box,logical_anomalies,C:\Users\User\Desktop\DefectRAG\data\mvtec_loco_ad\breakfast_box\test\logical_anomalies\029.png,C:\Users\User\Desktop\DefectRAG\data\mvtec_loco_ad\breakfast_box\ground_truth\logical_anomalies\029\000.png,0.19339823722839355,5,9,0.9636782374603613,0.5167190053609692,0.6141517858132047,0.18011763237109685
breakfast_box,logical_anomalies,C:\Users\User\Desktop\DefectRAG\data\mvtec_loco_ad\breakfast_box\test\logical_anomalies\030.png,C:\Users\User\Desktop\DefectRAG\data\mvtec_loco_ad\breakfast_box\ground_truth\logical_anomalies\030\000.png,0.1812477707862854,4,9,0.9168226360410945,0.5267686400575944,0.4303775964346277,0.2991552018796932
breakfast_box,logical_anomalies,C:\Users\User\Desktop\DefectRAG\data\mvtec_loco_ad\breakfast_box\test\logical_anomalies\031.png,C:\Users\User\Desktop\DefectRAG\data\mvtec_loco_ad\breakfast_box\ground_truth\logical_anomalies\031\000.png,0.17942452430725098,5,9,0.9520835519771698,0.5498626728266045,0.5047816621739467,0.18060498632393981
breakfast_box,logical_anomalies,C:\Users\User\Desktop\DefectRAG\data\mvtec_loco_ad\breakfast_box\test\logical_anomalies\032.png,C:\Users\User\Desktop\DefectRAG\data\mvtec_loco_ad\breakfast_box\ground_truth\logical_anomalies\032\000.png,0.1700824499130249,5,9,0.9728822514452009,0.4971808106687614,0.6762111613876319,0.29725558244668704
breakfast_box,logical_anomalies,C:\Users\User\Desktop\DefectRAG\data\mvtec_loco_ad\breakfast_box\test\logical_anomalies\033.png,C:\Users\User\Desktop\DefectRAG\data\mvtec_loco_ad\breakfast_box\ground_truth\logical_anomalies\033\000.png,0.25580036640167236,5,10,0.9808844716820645,0.8017602525411713,0.48894760684587796,0.2048924774162603
breakfast_box,logical_anomalies,C:\Users\User\Desktop\DefectRAG\data\mvtec_loco_ad\breakfast_box\test\logical_anomalies\034.png,C:\Users\User\Desktop\DefectRAG\data\mvtec_loco_ad\breakfast_box\ground_truth\logical_anomalies\034\000.png,0.24452054500579834,5,10,0.9682604628717983,0.6602278476561814,0.5346872156139094,0.24175534488101533
breakfast_box,logical_anomalies,C:\Users\User\Desktop\DefectRAG\data\mvtec_loco_ad\breakfast_box\test\logical_anomalies\035.png,C:\Users\User\Desktop\DefectRAG\data\mvtec_loco_ad\breakfast_box\ground_truth\logical_anomalies\035\000.png,0.24135994911193848,4,10,0.9780967396418342,0.7745297252643234,0.5373274023349798,0.24268634934889988
breakfast_box,logical_anomalies,C:\Users\User\Desktop\DefectRAG\data\mvtec_loco_ad\breakfast_box\test\logical_anomalies\036.png,C:\Users\User\Desktop\DefectRAG\data\mvtec_loco_ad\breakfast_box\ground_truth\logical_anomalies\036\000.png,0.24989736080169678,4,10,0.9826844518365745,0.8136622895227382,0.5299853018726087,0.2098396108923222
breakfast_box,logical_anomalies,C:\Users\User\Desktop\DefectRAG\data\mvtec_loco_ad\breakfast_box\test\logical_anomalies\037.png,C:\Users\User\Desktop\DefectRAG\data\mvtec_loco_ad\breakfast_box\ground_truth\logical_anomalies\037\000.png,0.15933048725128174,10,9,0.9846768101309071,0.751613311400734,0.28673041156755474,0.0875697443268212
breakfast_box,logical_anomalies,C:\Users\User\Desktop\DefectRAG\data\mvtec_loco_ad\breakfast_box\test\logical_anomalies\038.png,C:\Users\User\Desktop\DefectRAG\data\mvtec_loco_ad\breakfast_box\ground_truth\logical_anomalies\038\000.png,0.19488179683685303,9,10,0.9695105375369504,0.7428140007080846,0.29019133837172356,0.07860075638158018
breakfast_box,logical_anomalies,C:\Users\User\Desktop\DefectRAG\data\mvtec_loco_ad\breakfast_box\test\logical_anomalies\039.png,C:\Users\User\Desktop\DefectRAG\data\mvtec_loco_ad\breakfast_box\ground_truth\logical_anomalies\039\000.png,0.16687440872192383,9,10,0.973274808507864,0.6659797172884621,0.32874288045295197,0.1319136667699263
breakfast_box,logical_anomalies,C:\Users\User\Desktop\DefectRAG\data\mvtec_loco_ad\breakfast_box\test\logical_anomalies\040.png,C:\Users\User\Desktop\DefectRAG\data\mvtec_loco_ad\breakfast_box\ground_truth\logical_anomalies\040\000.png,0.17940962314605713,9,10,0.9624166840053632,0.5544814903507794,0.22118735274440793,0.06668896710200994
breakfast_box,logical_anomalies,C:\Users\User\Desktop\DefectRAG\data\mvtec_loco_ad\breakfast_box\test\logical_anomalies\041.png,C:\Users\User\Desktop\DefectRAG\data\mvtec_loco_ad\breakfast_box\ground_truth\logical_anomalies\041\000.png,0.24113821983337402,9,10,0.9819409443370782,0.504108162208399,0.16438467760236947,0.026281182173136342
breakfast_box,logical_anomalies,C:\Users\User\Desktop\DefectRAG\data\mvtec_loco_ad\breakfast_box\test\logical_anomalies\042.png,C:\Users\User\Desktop\DefectRAG\data\mvtec_loco_ad\breakfast_box\ground_truth\logical_anomalies\042\000.png,0.1981738805770874,9,10,0.977492869211345,0.5981711658617628,0.2857760589378326,0.11851887886232254
breakfast_box,logical_anomalies,C:\Users\User\Desktop\DefectRAG\data\mvtec_loco_ad\breakfast_box\test\logical_anomalies\043.png,C:\Users\User\Desktop\DefectRAG\data\mvtec_loco_ad\breakfast_box\ground_truth\logical_anomalies\043\000.png,0.20549249649047852,9,10,0.9788800823222974,0.7870958940765673,0.26432734057378465,0.08553790871503104
breakfast_box,logical_anomalies,C:\Users\User\Desktop\DefectRAG\data\mvtec_loco_ad\breakfast_box\test\logical_anomalies\044.png,C:\Users\User\Desktop\DefectRAG\data\mvtec_loco_ad\breakfast_box\ground_truth\logical_anomalies\044\000.png,0.17668235301971436,3,4,0.9713624616052522,0.0745204141066832,0.4708070333633904,0.1874723328906596
breakfast_box,logical_anomalies,C:\Users\User\Desktop\DefectRAG\data\mvtec_loco_ad\breakfast_box\test\logical_anomalies\045.png,C:\Users\User\Desktop\DefectRAG\data\mvtec_loco_ad\breakfast_box\ground_truth\logical_anomalies\045\000.png,0.16611617803573608,5,2,0.9521893492324441,0.09835349386955124,0.40555641412760496,0.03752085319351764
breakfast_box,logical_anomalies,C:\Users\User\Desktop\DefectRAG\data\mvtec_loco_ad\breakfast_box\test\logical_anomalies\046.png,C:\Users\User\Desktop\DefectRAG\data\mvtec_loco_ad\breakfast_box\ground_truth\logical_anomalies\046\000.png,0.1697407364845276,5,4,0.9904787903615483,0.12965491870439838,0.508038841133397,0.04449182949582761
breakfast_box,logical_anomalies,C:\Users\User\Desktop\DefectRAG\data\mvtec_loco_ad\breakfast_box\test\logical_anomalies\047.png,C:\Users\User\Desktop\DefectRAG\data\mvtec_loco_ad\breakfast_box\ground_truth\logical_anomalies\047\000.png,0.1179855465888977,5,4,0.9489752833303658,0.0723012671401949,0.32143174492903476,0.1387993431056505
breakfast_box,logical_anomalies,C:\Users\User\Desktop\DefectRAG\data\mvtec_loco_ad\breakfast_box\test\logical_anomalies\048.png,C:\Users\User\Desktop\DefectRAG\data\mvtec_loco_ad\breakfast_box\ground_truth\logical_anomalies\048\000.png,0.07779335975646973,9,7,0.7011948442450777,0.11926236887410228,0.08727397126380608,0.018219831600554997
breakfast_box,logical_anomalies,C:\Users\User\Desktop\DefectRAG\data\mvtec_loco_ad\breakfast_box\test\logical_anomalies\049.png,C:\Users\User\Desktop\DefectRAG\data\mvtec_loco_ad\breakfast_box\ground_truth\logical_anomalies\049\000.png,0.09088772535324097,8,12,0.7468252241447652,0.15642840050593101,0.10859329673762663,0.02111072962859311
breakfast_box,logical_anomalies,C:\Users\User\Desktop\DefectRAG\data\mvtec_loco_ad\breakfast_box\test\logical_anomalies\050.png,C:\Users\User\Desktop\DefectRAG\data\mvtec_loco_ad\breakfast_box\ground_truth\logical_anomalies\050\000.png,0.0997471809387207,8,7,0.7799502864580026,0.19334306194650688,0.17527586988511867,0.05687576910664827
breakfast_box,logical_anomalies,C:\Users\User\Desktop\DefectRAG\data\mvtec_loco_ad\breakfast_box\test\logical_anomalies\051.png,C:\Users\User\Desktop\DefectRAG\data\mvtec_loco_ad\breakfast_box\ground_truth\logical_anomalies\051\000.png,0.10630673170089722,9,11,0.8029329473136345,0.19538012045789957,0.10764577188995794,0.010114649812339872
breakfast_box,logical_anomalies,C:\Users\User\Desktop\DefectRAG\data\mvtec_loco_ad\breakfast_box\test\logical_anomalies\052.png,C:\Users\User\Desktop\DefectRAG\data\mvtec_loco_ad\breakfast_box\ground_truth\logical_anomalies\052\000.png,0.08999490737915039,11,11,0.7423352624260738,0.32970237732936875,0.3878600127335386,0.04568335503928807
breakfast_box,logical_anomalies,C:\Users\User\Desktop\DefectRAG\data\mvtec_loco_ad\breakfast_box\test\logical_anomalies\053.png,C:\Users\User\Desktop\DefectRAG\data\mvtec_loco_ad\breakfast_box\ground_truth\logical_anomalies\053\000.png,0.10353356599807739,9,4,0.809316420036198,0.41613675700915304,0.3936856700293806,0.029904337472613195
breakfast_box,logical_anomalies,C:\Users\User\Desktop\DefectRAG\data\mvtec_loco_ad\breakfast_box\test\logical_anomalies\054.png,C:\Users\User\Desktop\DefectRAG\data\mvtec_loco_ad\breakfast_box\ground_truth\logical_anomalies\054\000.png,0.07990258932113647,2,1,0.6746033369872637,0.19460093614738114,0.17024514452055248,0.05173820956653665
breakfast_box,logical_anomalies,C:\Users\User\Desktop\DefectRAG\data\mvtec_loco_ad\breakfast_box\test\logical_anomalies\055.png,C:\Users\User\Desktop\DefectRAG\data\mvtec_loco_ad\breakfast_box\ground_truth\logical_anomalies\055\000.png,0.07906132936477661,7,9,0.5312471515951219,0.20049996387317284,0.0,0.0
breakfast_box,logical_anomalies,C:\Users\User\Desktop\DefectRAG\data\mvtec_loco_ad\breakfast_box\test\logical_anomalies\056.png,C:\Users\User\Desktop\DefectRAG\data\mvtec_loco_ad\breakfast_box\ground_truth\logical_anomalies\056\000.png,0.0960468053817749,10,8,0.7032127827090145,0.2970982103320841,0.010936545828013101,0.0
breakfast_box,logical_anomalies,C:\Users\User\Desktop\DefectRAG\data\mvtec_loco_ad\breakfast_box\test\logical_anomalies\057.png,C:\Users\User\Desktop\DefectRAG\data\mvtec_loco_ad\breakfast_box\ground_truth\logical_anomalies\057\000.png,0.07635223865509033,9,7,0.762351129464295,0.24753098277676194,0.3388213176462056,0.050832504449297065
breakfast_box,logical_anomalies,C:\Users\User\Desktop\DefectRAG\data\mvtec_loco_ad\breakfast_box\test\logical_anomalies\058.png,C:\Users\User\Desktop\DefectRAG\data\mvtec_loco_ad\breakfast_box\ground_truth\logical_anomalies\058\000.png,0.09180659055709839,3,2,0.8748673576397696,0.22787503826320374,0.34673308450847407,0.23298884079733828
breakfast_box,logical_anomalies,C:\Users\User\Desktop\DefectRAG\data\mvtec_loco_ad\breakfast_box\test\logical_anomalies\059.png,C:\Users\User\Desktop\DefectRAG\data\mvtec_loco_ad\breakfast_box\ground_truth\logical_anomalies\059\000.png,0.0798383355140686,3,3,0.9138226601757684,0.09478543529802051,0.22000991467155853,0.26491508201480624
breakfast_box,logical_anomalies,C:\Users\User\Desktop\DefectRAG\data\mvtec_loco_ad\breakfast_box\test\logical_anomalies\060.png,C:\Users\User\Desktop\DefectRAG\data\mvtec_loco_ad\breakfast_box\ground_truth\logical_anomalies\060\000.png,0.08236682415008545,8,9,0.666854586174159,0.09519948168582501,0.11405931956964234,0.014443068026430955
breakfast_box,logical_anomalies,C:\Users\User\Desktop\DefectRAG\data\mvtec_loco_ad\breakfast_box\test\logical_anomalies\061.png,C:\Users\User\Desktop\DefectRAG\data\mvtec_loco_ad\breakfast_box\ground_truth\logical_anomalies\061\000.png,0.10879987478256226,3,3,0.724183794779697,0.25168018219303967,0.20047043700411024,0.07001971049699192
breakfast_box,logical_anomalies,C:\Users\User\Desktop\DefectRAG\data\mvtec_loco_ad\breakfast_box\test\logical_anomalies\062.png,C:\Users\User\Desktop\DefectRAG\data\mvtec_loco_ad\breakfast_box\ground_truth\logical_anomalies\062\000.png,0.08341914415359497,3,2,0.9049068387044233,0.09065239919906773,0.2193334377573758,0.18365022983702464
breakfast_box,logical_anomalies,C:\Users\User\Desktop\DefectRAG\data\mvtec_loco_ad\breakfast_box\test\logical_anomalies\063.png,C:\Users\User\Desktop\DefectRAG\data\mvtec_loco_ad\breakfast_box\ground_truth\logical_anomalies\063\000.png,0.09144777059555054,8,12,0.753716835239494,0.37583409695074943,0.3779398013750955,0.005988447739905383
breakfast_box,logical_anomalies,C:\Users\User\Desktop\DefectRAG\data\mvtec_loco_ad\breakfast_box\test\logical_anomalies\064.png,C:\Users\User\Desktop\DefectRAG\data\mvtec_loco_ad\breakfast_box\ground_truth\logical_anomalies\064\000.png,0.07431447505950928,9,9,0.5773918660939831,0.2580729804705715,0.00022541639066801328,0.0
breakfast_box,logical_anomalies,C:\Users\User\Desktop\DefectRAG\data\mvtec_loco_ad\breakfast_box\test\logical_anomalies\065.png,C:\Users\User\Desktop\DefectRAG\data\mvtec_loco_ad\breakfast_box\ground_truth\logical_anomalies\065\000.png,0.1591506004333496,5,3,0.8548869652740233,0.354280170681717,0.41905157538186233,0.20350261574876752
breakfast_box,logical_anomalies,C:\Users\User\Desktop\DefectRAG\data\mvtec_loco_ad\breakfast_box\test\logical_anomalies\066.png,C:\Users\User\Desktop\DefectRAG\data\mvtec_loco_ad\breakfast_box\ground_truth\logical_anomalies\066\000.png,0.07478165626525879,10,8,0.4776136262289403,0.20907997428222488,0.009270330547125307,0.0
breakfast_box,logical_anomalies,C:\Users\User\Desktop\DefectRAG\data\mvtec_loco_ad\breakfast_box\test\logical_anomalies\067.png,C:\Users\User\Desktop\DefectRAG\data\mvtec_loco_ad\breakfast_box\ground_truth\logical_anomalies\067\000.png,0.13715779781341553,5,3,0.8462002902804682,0.36455105532309223,0.4380658221087411,0.1863603099478518
breakfast_box,logical_anomalies,C:\Users\User\Desktop\DefectRAG\data\mvtec_loco_ad\breakfast_box\test\logical_anomalies\068.png,C:\Users\User\Desktop\DefectRAG\data\mvtec_loco_ad\breakfast_box\ground_truth\logical_anomalies\068\000.png,0.0978497862815857,9,8,0.5685755503792058,0.27870337906446224,0.023405352616505545,0.0
breakfast_box,logical_anomalies,C:\Users\User\Desktop\DefectRAG\data\mvtec_loco_ad\breakfast_box\test\logical_anomalies\069.png,C:\Users\User\Desktop\DefectRAG\data\mvtec_loco_ad\breakfast_box\ground_truth\logical_anomalies\069\000.png,0.08519983291625977,8,8,0.7169652792084762,0.17453968450056218,0.15347053511457368,0.016423658509242222
breakfast_box,logical_anomalies,C:\Users\User\Desktop\DefectRAG\data\mvtec_loco_ad\breakfast_box\test\logical_anomalies\070.png,C:\Users\User\Desktop\DefectRAG\data\mvtec_loco_ad\breakfast_box\ground_truth\logical_anomalies\070\000.png,0.10333800315856934,7,9,0.6426770662477718,0.2991499297199196,0.012640166182639561,0.0
breakfast_box,logical_anomalies,C:\Users\User\Desktop\DefectRAG\data\mvtec_loco_ad\breakfast_box\test\logical_anomalies\071.png,C:\Users\User\Desktop\DefectRAG\data\mvtec_loco_ad\breakfast_box\ground_truth\logical_anomalies\071\000.png,0.11843317747116089,6,12,0.9476928855458678,0.13655436054824577,0.28314363951344,0.15990819736172054
breakfast_box,logical_anomalies,C:\Users\User\Desktop\DefectRAG\data\mvtec_loco_ad\breakfast_box\test\logical_anomalies\072.png,C:\Users\User\Desktop\DefectRAG\data\mvtec_loco_ad\breakfast_box\ground_truth\logical_anomalies\072\000.png,0.08202129602432251,8,4,0.8933934642900376,0.19096236275623343,0.3463266581366977,0.0298596908840983
breakfast_box,logical_anomalies,C:\Users\User\Desktop\DefectRAG\data\mvtec_loco_ad\breakfast_box\test\logical_anomalies\073.png,C:\Users\User\Desktop\DefectRAG\data\mvtec_loco_ad\breakfast_box\ground_truth\logical_anomalies\073\000.png,0.11422652006149292,10,8,0.9109384646061426,0.13398513456493966,0.048485164792150516,0.0
breakfast_box,logical_anomalies,C:\Users\User\Desktop\DefectRAG\data\mvtec_loco_ad\breakfast_box\test\logical_anomalies\074.png,C:\Users\User\Desktop\DefectRAG\data\mvtec_loco_ad\breakfast_box\ground_truth\logical_anomalies\074\000.png,0.09058570861816406,5,6,0.9568848607348137,0.1010150019049704,0.22243312799133605,0.1523207184971891
breakfast_box,logical_anomalies,C:\Users\User\Desktop\DefectRAG\data\mvtec_loco_ad\breakfast_box\test\logical_anomalies\075.png,C:\Users\User\Desktop\DefectRAG\data\mvtec_loco_ad\breakfast_box\ground_truth\logical_anomalies\075\000.png,0.09013229608535767,12,9,0.9643333365619396,0.23022177525088153,0.6216419197241115,0.021787394498969218
breakfast_box,logical_anomalies,C:\Users\User\Desktop\DefectRAG\data\mvtec_loco_ad\breakfast_box\test\logical_anomalies\076.png,C:\Users\User\Desktop\DefectRAG\data\mvtec_loco_ad\breakfast_box\ground_truth\logical_anomalies\076\000.png,0.10000509023666382,10,12,0.8864548758578512,0.0936225034763588,0.0638317798469023,0.0
breakfast_box,logical_anomalies,C:\Users\User\Desktop\DefectRAG\data\mvtec_loco_ad\breakfast_box\test\logical_anomalies\077.png,C:\Users\User\Desktop\DefectRAG\data\mvtec_loco_ad\breakfast_box\ground_truth\logical_anomalies\077\000.png,0.06857490539550781,11,10,0.9096012946647275,0.06370192640442958,0.22129358934393772,0.019540659067114732
breakfast_box,logical_anomalies,C:\Users\User\Desktop\DefectRAG\data\mvtec_loco_ad\breakfast_box\test\logical_anomalies\078.png,C:\Users\User\Desktop\DefectRAG\data\mvtec_loco_ad\breakfast_box\ground_truth\logical_anomalies\078\000.png,0.13987421989440918,1,9,0.9776684738302922,0.43576915284448303,0.5958054595820718,0.16458504803837742
breakfast_box,logical_anomalies,C:\Users\User\Desktop\DefectRAG\data\mvtec_loco_ad\breakfast_box\test\logical_anomalies\079.png,C:\Users\User\Desktop\DefectRAG\data\mvtec_loco_ad\breakfast_box\ground_truth\logical_anomalies\079\000.png,0.1323714256286621,1,8,0.9790069533783027,0.36219087070898953,0.5772572761169449,0.3455983082543272
breakfast_box,logical_anomalies,C:\Users\User\Desktop\DefectRAG\data\mvtec_loco_ad\breakfast_box\test\logical_anomalies\080.png,C:\Users\User\Desktop\DefectRAG\data\mvtec_loco_ad\breakfast_box\ground_truth\logical_anomalies\080\000.png,0.0847327709197998,10,9,0.926660488305767,0.11030032601375178,0.21756995962529088,0.1643189803607622
breakfast_box,logical_anomalies,C:\Users\User\Desktop\DefectRAG\data\mvtec_loco_ad\breakfast_box\test\logical_anomalies\081.png,C:\Users\User\Desktop\DefectRAG\data\mvtec_loco_ad\breakfast_box\ground_truth\logical_anomalies\081\000.png,0.08396071195602417,11,7,0.9483768390550923,0.20641625627359955,0.33440175268306677,0.06743249291362077
breakfast_box,logical_anomalies,C:\Users\User\Desktop\DefectRAG\data\mvtec_loco_ad\breakfast_box\test\logical_anomalies\082.png,C:\Users\User\Desktop\DefectRAG\data\mvtec_loco_ad\breakfast_box\ground_truth\logical_anomalies\082\000.png,0.14100778102874756,1,7,0.9781032958260917,0.3645214477225103,0.7096279470769639,0.2070873012453139
breakfast_box,structural_anomalies,C:\Users\User\Desktop\DefectRAG\data\mvtec_loco_ad\breakfast_box\test\structural_anomalies\000.png,C:\Users\User\Desktop\DefectRAG\data\mvtec_loco_ad\breakfast_box\ground_truth\structural_anomalies\000\000.png,0.07008004188537598,10,11,0.7647484572295541,0.0020708831030897762,0.000563846901231225,0.0
breakfast_box,structural_anomalies,C:\Users\User\Desktop\DefectRAG\data\mvtec_loco_ad\breakfast_box\test\structural_anomalies\001.png,C:\Users\User\Desktop\DefectRAG\data\mvtec_loco_ad\breakfast_box\ground_truth\structural_anomalies\001\000.png,0.06499999761581421,11,9,0.3646029125482654,0.0,0.0,0.0
breakfast_box,structural_anomalies,C:\Users\User\Desktop\DefectRAG\data\mvtec_loco_ad\breakfast_box\test\structural_anomalies\002.png,C:\Users\User\Desktop\DefectRAG\data\mvtec_loco_ad\breakfast_box\ground_truth\structural_anomalies\002\000.png,0.10175299644470215,11,8,0.6169010386782456,0.004647094798541865,0.00013585441979712407,0.0
breakfast_box,structural_anomalies,C:\Users\User\Desktop\DefectRAG\data\mvtec_loco_ad\breakfast_box\test\structural_anomalies\003.png,C:\Users\User\Desktop\DefectRAG\data\mvtec_loco_ad\breakfast_box\ground_truth\structural_anomalies\003\000.png,0.08229029178619385,11,9,0.5973141593645219,0.0021021032233494007,0.0,0.0
breakfast_box,structural_anomalies,C:\Users\User\Desktop\DefectRAG\data\mvtec_loco_ad\breakfast_box\test\structural_anomalies\004.png,C:\Users\User\Desktop\DefectRAG\data\mvtec_loco_ad\breakfast_box\ground_truth\structural_anomalies\004\000.png,0.22825884819030762,10,10,0.9975444315036215,0.33901082569381435,0.7559861153763832,0.5652788137700323
breakfast_box,structural_anomalies,C:\Users\User\Desktop\DefectRAG\data\mvtec_loco_ad\breakfast_box\test\structural_anomalies\005.png,C:\Users\User\Desktop\DefectRAG\data\mvtec_loco_ad\breakfast_box\ground_truth\structural_anomalies\005\000.png,0.08061951398849487,8,9,0.7758025809107088,0.0016512731521478225,0.0,0.0
breakfast_box,structural_anomalies,C:\Users\User\Desktop\DefectRAG\data\mvtec_loco_ad\breakfast_box\test\structural_anomalies\006.png,C:\Users\User\Desktop\DefectRAG\data\mvtec_loco_ad\breakfast_box\ground_truth\structural_anomalies\006\000.png,0.0655057430267334,8,9,0.46819277715061813,0.05798291671131385,0.00042985214941537015,0.0
breakfast_box,structural_anomalies,C:\Users\User\Desktop\DefectRAG\data\mvtec_loco_ad\breakfast_box\test\structural_anomalies\007.png,C:\Users\User\Desktop\DefectRAG\data\mvtec_loco_ad\breakfast_box\ground_truth\structural_anomalies\007\000.png,0.1222793459892273,10,5,0.9890788556579839,0.08993448154965378,0.4881167319593482,0.38036193029490617
breakfast_box,structural_anomalies,C:\Users\User\Desktop\DefectRAG\data\mvtec_loco_ad\breakfast_box\test\structural_anomalies\008.png,C:\Users\User\Desktop\DefectRAG\data\mvtec_loco_ad\breakfast_box\ground_truth\structural_anomalies\008\000.png,0.15166997909545898,11,5,0.9975537501698161,0.06001398346885805,0.49221654749744637,0.42307547524938827
breakfast_box,structural_anomalies,C:\Users\User\Desktop\DefectRAG\data\mvtec_loco_ad\breakfast_box\test\structural_anomalies\009.png,C:\Users\User\Desktop\DefectRAG\data\mvtec_loco_ad\breakfast_box\ground_truth\structural_anomalies\009\000.png,0.09050893783569336,10,9,0.9969405576452546,0.005429066047245475,0.01924675465922951,0.14839781777136765
breakfast_box,structural_anomalies,C:\Users\User\Desktop\DefectRAG\data\mvtec_loco_ad\breakfast_box\test\structural_anomalies\010.png,C:\Users\User\Desktop\DefectRAG\data\mvtec_loco_ad\breakfast_box\ground_truth\structural_anomalies\010\000.png,0.24524474143981934,6,0,0.9901660018399727,0.5438795422182374,0.5785250758270438,0.44650152668472887
breakfast_box,structural_anomalies,C:\Users\User\Desktop\DefectRAG\data\mvtec_loco_ad\breakfast_box\test\structural_anomalies\011.png,C:\Users\User\Desktop\DefectRAG\data\mvtec_loco_ad\breakfast_box\ground_truth\structural_anomalies\011\000.png,0.24756956100463867,9,8,0.9987956230597478,0.042662042732339034,0.5130602552686258,0.29801962846126884
breakfast_box,structural_anomalies,C:\Users\User\Desktop\DefectRAG\data\mvtec_loco_ad\breakfast_box\test\structural_anomalies\012.png,C:\Users\User\Desktop\DefectRAG\data\mvtec_loco_ad\breakfast_box\ground_truth\structural_anomalies\012\000.png,0.13790160417556763,3,11,0.9978869037737667,0.014900374367075909,0.2684715172024817,0.38155994222436207
breakfast_box,structural_anomalies,C:\Users\User\Desktop\DefectRAG\data\mvtec_loco_ad\breakfast_box\test\structural_anomalies\013.png,C:\Users\User\Desktop\DefectRAG\data\mvtec_loco_ad\breakfast_box\ground_truth\structural_anomalies\013\000.png,0.07114887237548828,10,8,0.5984841640193288,0.03505865681280046,0.0,0.0
breakfast_box,structural_anomalies,C:\Users\User\Desktop\DefectRAG\data\mvtec_loco_ad\breakfast_box\test\structural_anomalies\014.png,C:\Users\User\Desktop\DefectRAG\data\mvtec_loco_ad\breakfast_box\ground_truth\structural_anomalies\014\000.png,0.239388108253479,7,5,0.9965322711175462,0.32221125370187564,0.5358234485852893,0.2015374949181358
breakfast_box,structural_anomalies,C:\Users\User\Desktop\DefectRAG\data\mvtec_loco_ad\breakfast_box\test\structural_anomalies\015.png,C:\Users\User\Desktop\DefectRAG\data\mvtec_loco_ad\breakfast_box\ground_truth\structural_anomalies\015\000.png,0.08087706565856934,10,12,0.3728118110851512,0.0026936864519267007,0.0,0.0
breakfast_box,structural_anomalies,C:\Users\User\Desktop\DefectRAG\data\mvtec_loco_ad\breakfast_box\test\structural_anomalies\016.png,C:\Users\User\Desktop\DefectRAG\data\mvtec_loco_ad\breakfast_box\ground_truth\structural_anomalies\016\000.png,0.16511386632919312,7,1,0.99349640730899,0.1503284277043319,0.7834554645558212,0.35370432252864975
breakfast_box,structural_anomalies,C:\Users\User\Desktop\DefectRAG\data\mvtec_loco_ad\breakfast_box\test\structural_anomalies\017.png,C:\Users\User\Desktop\DefectRAG\data\mvtec_loco_ad\breakfast_box\ground_truth\structural_anomalies\017\000.png,0.1766490936279297,10,5,0.9971002716555999,0.1092743794757264,0.7165052602243434,0.43094333152344755
breakfast_box,structural_anomalies,C:\Users\User\Desktop\DefectRAG\data\mvtec_loco_ad\breakfast_box\test\structural_anomalies\018.png,C:\Users\User\Desktop\DefectRAG\data\mvtec_loco_ad\breakfast_box\ground_truth\structural_anomalies\018\000.png,0.35310548543930054,7,2,0.9984000810124172,0.6236756937544882,0.7692465809740455,0.5958442619088753
breakfast_box,structural_anomalies,C:\Users\User\Desktop\DefectRAG\data\mvtec_loco_ad\breakfast_box\test\structural_anomalies\019.png,C:\Users\User\Desktop\DefectRAG\data\mvtec_loco_ad\breakfast_box\ground_truth\structural_anomalies\019\000.png,0.09467804431915283,6,5,0.9439010226467656,0.010305099019436569,0.0336893929014951,0.12681340670335167
breakfast_box,structural_anomalies,C:\Users\User\Desktop\DefectRAG\data\mvtec_loco_ad\breakfast_box\test\structural_anomalies\020.png,C:\Users\User\Desktop\DefectRAG\data\mvtec_loco_ad\breakfast_box\ground_truth\structural_anomalies\020\000.png,0.22994160652160645,2,8,0.9968853912973676,0.049588084351064037,0.4362115069438454,0.15946169460942786
breakfast_box,structural_anomalies,C:\Users\User\Desktop\DefectRAG\data\mvtec_loco_ad\breakfast_box\test\structural_anomalies\021.png,C:\Users\User\Desktop\DefectRAG\data\mvtec_loco_ad\breakfast_box\ground_truth\structural_anomalies\021\000.png,0.11486262083053589,10,2,0.9730385885349035,0.008893661623878652,0.027274298696167522,0.08763102725366877
breakfast_box,structural_anomalies,C:\Users\User\Desktop\DefectRAG\data\mvtec_loco_ad\breakfast_box\test\structural_anomalies\022.png,C:\Users\User\Desktop\DefectRAG\data\mvtec_loco_ad\breakfast_box\ground_truth\structural_anomalies\022\000.png,0.09011310338973999,8,5,0.8258978680736698,0.059878105326778765,0.07051223479103086,0.02622213897733658
breakfast_box,structural_anomalies,C:\Users\User\Desktop\DefectRAG\data\mvtec_loco_ad\breakfast_box\test\structural_anomalies\023.png,C:\Users\User\Desktop\DefectRAG\data\mvtec_loco_ad\breakfast_box\ground_truth\structural_anomalies\023\000.png,0.10085153579711914,4,8,0.9785055305528938,0.008402692411085969,0.05674477399685836,0.10568262813451694
breakfast_box,structural_anomalies,C:\Users\User\Desktop\DefectRAG\data\mvtec_loco_ad\breakfast_box\test\structural_anomalies\024.png,C:\Users\User\Desktop\DefectRAG\data\mvtec_loco_ad\breakfast_box\ground_truth\structural_anomalies\024\000.png,0.10644537210464478,5,6,0.8759052702644303,0.1480008138583669,0.19784427235281837,0.012233182856824388
breakfast_box,structural_anomalies,C:\Users\User\Desktop\DefectRAG\data\mvtec_loco_ad\breakfast_box\test\structural_anomalies\025.png,C:\Users\User\Desktop\DefectRAG\data\mvtec_loco_ad\breakfast_box\ground_truth\structural_anomalies\025\000.png,0.1918250322341919,9,11,0.9982729970490085,0.02866343184825761,0.19703447648503594,0.42398415977961434
breakfast_box,structural_anomalies,C:\Users\User\Desktop\DefectRAG\data\mvtec_loco_ad\breakfast_box\test\structural_anomalies\026.png,C:\Users\User\Desktop\DefectRAG\data\mvtec_loco_ad\breakfast_box\ground_truth\structural_anomalies\026\000.png,0.1500343680381775,3,8,0.9979832638854182,0.041999888477691136,0.4752393291585691,0.42911877394636017
breakfast_box,structural_anomalies,C:\Users\User\Desktop\DefectRAG\data\mvtec_loco_ad\breakfast_box\test\structural_anomalies\027.png,C:\Users\User\Desktop\DefectRAG\data\mvtec_loco_ad\breakfast_box\ground_truth\structural_anomalies\027\000.png,0.19296884536743164,6,3,0.9930713446408534,0.17055005225275616,0.3137143048890977,0.07455521039254448
breakfast_box,structural_anomalies,C:\Users\User\Desktop\DefectRAG\data\mvtec_loco_ad\breakfast_box\test\structural_anomalies\028.png,C:\Users\User\Desktop\DefectRAG\data\mvtec_loco_ad\breakfast_box\ground_truth\structural_anomalies\028\000.png,0.07984775304794312,8,9,0.9782120683214065,0.011951338092178968,0.03941597432081402,0.11000860974008814
breakfast_box,structural_anomalies,C:\Users\User\Desktop\DefectRAG\data\mvtec_loco_ad\breakfast_box\test\structural_anomalies\029.png,C:\Users\User\Desktop\DefectRAG\data\mvtec_loco_ad\breakfast_box\ground_truth\structural_anomalies\029\000.png,0.16329973936080933,3,10,0.9987079746153551,0.06245694124524179,0.4703018841493311,0.6971257523576555
breakfast_box,structural_anomalies,C:\Users\User\Desktop\DefectRAG\data\mvtec_loco_ad\breakfast_box\test\structural_anomalies\030.png,C:\Users\User\Desktop\DefectRAG\data\mvtec_loco_ad\breakfast_box\ground_truth\structural_anomalies\030\000.png,0.23123794794082642,9,5,0.9659887536045323,0.3447661528716216,0.454245527287306,0.09662767965484698
breakfast_box,structural_anomalies,C:\Users\User\Desktop\DefectRAG\data\mvtec_loco_ad\breakfast_box\test\structural_anomalies\031.png,C:\Users\User\Desktop\DefectRAG\data\mvtec_loco_ad\breakfast_box\ground_truth\structural_anomalies\031\000.png,0.11592429876327515,5,4,0.980953130529926,0.005205936529003529,0.02399012272288179,0.04809228039041703
breakfast_box,structural_anomalies,C:\Users\User\Desktop\DefectRAG\data\mvtec_loco_ad\breakfast_box\test\structural_anomalies\032.png,C:\Users\User\Desktop\DefectRAG\data\mvtec_loco_ad\breakfast_box\ground_truth\structural_anomalies\032\000.png,0.1424351930618286,4,10,0.9893641034916487,0.01998811463842546,0.07844785358033488,0.24076133447390932
breakfast_box,structural_anomalies,C:\Users\User\Desktop\DefectRAG\data\mvtec_loco_ad\breakfast_box\test\structural_anomalies\033.png,C:\Users\User\Desktop\DefectRAG\data\mvtec_loco_ad\breakfast_box\ground_truth\structural_anomalies\033\000.png,0.08962267637252808,4,10,0.9766045144260125,0.00536238933324027,0.017297970900540378,0.18837912449060076
breakfast_box,structural_anomalies,C:\Users\User\Desktop\DefectRAG\data\mvtec_loco_ad\breakfast_box\test\structural_anomalies\034.png,C:\Users\User\Desktop\DefectRAG\data\mvtec_loco_ad\breakfast_box\ground_truth\structural_anomalies\034\000.png,0.06358033418655396,8,11,0.6326970934613663,0.0010307751597491135,0.0,0.0
breakfast_box,structural_anomalies,C:\Users\User\Desktop\DefectRAG\data\mvtec_loco_ad\breakfast_box\test\structural_anomalies\035.png,C:\Users\User\Desktop\DefectRAG\data\mvtec_loco_ad\breakfast_box\ground_truth\structural_anomalies\035\000.png,0.23093736171722412,11,9,0.994250348492164,0.07549642763904503,0.35674474155663194,0.1630372937464439
breakfast_box,structural_anomalies,C:\Users\User\Desktop\DefectRAG\data\mvtec_loco_ad\breakfast_box\test\structural_anomalies\036.png,C:\Users\User\Desktop\DefectRAG\data\mvtec_loco_ad\breakfast_box\ground_truth\structural_anomalies\036\000.png,0.09327799081802368,3,3,0.9826490593162704,0.035498114208903024,0.10717306449664042,0.36167384078897186
breakfast_box,structural_anomalies,C:\Users\User\Desktop\DefectRAG\data\mvtec_loco_ad\breakfast_box\test\structural_anomalies\037.png,C:\Users\User\Desktop\DefectRAG\data\mvtec_loco_ad\breakfast_box\ground_truth\structural_anomalies\037\000.png,0.10591268539428711,9,9,0.9982718872058644,0.03136074433878361,0.12328847508019716,0.5152985152985153
breakfast_box,structural_anomalies,C:\Users\User\Desktop\DefectRAG\data\mvtec_loco_ad\breakfast_box\test\structural_anomalies\038.png,C:\Users\User\Desktop\DefectRAG\data\mvtec_loco_ad\breakfast_box\ground_truth\structural_anomalies\038\000.png,0.08784425258636475,5,10,0.944364952895442,0.021428556737289616,0.05651625061154968,0.22983448028857223
breakfast_box,structural_anomalies,C:\Users\User\Desktop\DefectRAG\data\mvtec_loco_ad\breakfast_box\test\structural_anomalies\039.png,C:\Users\User\Desktop\DefectRAG\data\mvtec_loco_ad\breakfast_box\ground_truth\structural_anomalies\039\000.png,0.19547772407531738,4,8,0.9982699487441449,0.032489473659056474,0.37891247529801747,0.32421772285038125
breakfast_box,structural_anomalies,C:\Users\User\Desktop\DefectRAG\data\mvtec_loco_ad\breakfast_box\test\structural_anomalies\040.png,C:\Users\User\Desktop\DefectRAG\data\mvtec_loco_ad\breakfast_box\ground_truth\structural_anomalies\040\000.png,0.19191974401474,5,9,0.9982163475804114,0.08651697350218154,0.6392642550582465,0.437368548081233
breakfast_box,structural_anomalies,C:\Users\User\Desktop\DefectRAG\data\mvtec_loco_ad\breakfast_box\test\structural_anomalies\041.png,C:\Users\User\Desktop\DefectRAG\data\mvtec_loco_ad\breakfast_box\ground_truth\structural_anomalies\041\000.png,0.11043602228164673,4,9,0.9917866534917045,0.0292448839132933,0.12019945442122229,0.5356914723730437
breakfast_box,structural_anomalies,C:\Users\User\Desktop\DefectRAG\data\mvtec_loco_ad\breakfast_box\test\structural_anomalies\042.png,C:\Users\User\Desktop\DefectRAG\data\mvtec_loco_ad\breakfast_box\ground_truth\structural_anomalies\042\000.png,0.10929971933364868,5,11,0.9881158592807543,0.006941431051020875,0.19644439810228873,0.2046388725778039
breakfast_box,structural_anomalies,C:\Users\User\Desktop\DefectRAG\data\mvtec_loco_ad\breakfast_box\test\structural_anomalies\043.png,C:\Users\User\Desktop\DefectRAG\data\mvtec_loco_ad\breakfast_box\ground_truth\structural_anomalies\043\000.png,0.10376197099685669,4,9,0.944260161809581,0.003176868244639176,0.009573290003415336,0.13983113612798104
breakfast_box,structural_anomalies,C:\Users\User\Desktop\DefectRAG\data\mvtec_loco_ad\breakfast_box\test\structural_anomalies\044.png,C:\Users\User\Desktop\DefectRAG\data\mvtec_loco_ad\breakfast_box\ground_truth\structural_anomalies\044\000.png,0.11432677507400513,8,9,0.6501404451004428,0.009256165889262643,0.0,0.0
breakfast_box,structural_anomalies,C:\Users\User\Desktop\DefectRAG\data\mvtec_loco_ad\breakfast_box\test\structural_anomalies\045.png,C:\Users\User\Desktop\DefectRAG\data\mvtec_loco_ad\breakfast_box\ground_truth\structural_anomalies\045\000.png,0.0762333869934082,10,11,0.8758592710628785,0.004129213198626522,0.0030223646506265154,0.0
breakfast_box,structural_anomalies,C:\Users\User\Desktop\DefectRAG\data\mvtec_loco_ad\breakfast_box\test\structural_anomalies\046.png,C:\Users\User\Desktop\DefectRAG\data\mvtec_loco_ad\breakfast_box\ground_truth\structural_anomalies\046\000.png,0.09325820207595825,10,8,0.8755005617563312,0.013168948694896019,0.030928796419098143,0.0
breakfast_box,structural_anomalies,C:\Users\User\Desktop\DefectRAG\data\mvtec_loco_ad\breakfast_box\test\structural_anomalies\047.png,C:\Users\User\Desktop\DefectRAG\data\mvtec_loco_ad\breakfast_box\ground_truth\structural_anomalies\047\000.png,0.11242932081222534,6,3,0.9955721183257615,0.021860368892808044,0.10791168219544457,0.3478595231991797
breakfast_box,structural_anomalies,C:\Users\User\Desktop\DefectRAG\data\mvtec_loco_ad\breakfast_box\test\structural_anomalies\048.png,C:\Users\User\Desktop\DefectRAG\data\mvtec_loco_ad\breakfast_box\ground_truth\structural_anomalies\048\000.png,0.14137756824493408,5,4,0.9988797960487017,0.09589189833640618,0.4918441673104514,0.5691256468090752
breakfast_box,structural_anomalies,C:\Users\User\Desktop\DefectRAG\data\mvtec_loco_ad\breakfast_box\test\structural_anomalies\049.png,C:\Users\User\Desktop\DefectRAG\data\mvtec_loco_ad\breakfast_box\ground_truth\structural_anomalies\049\000.png,0.08614557981491089,8,8,0.828133248294073,0.008038697574044669,0.0,0.0
breakfast_box,structural_anomalies,C:\Users\User\Desktop\DefectRAG\data\mvtec_loco_ad\breakfast_box\test\structural_anomalies\050.png,C:\Users\User\Desktop\DefectRAG\data\mvtec_loco_ad\breakfast_box\ground_truth\structural_anomalies\050\000.png,0.10722017288208008,11,9,0.9266349013187902,0.004869668982282434,0.01623744277464128,0.012329347478363119
breakfast_box,structural_anomalies,C:\Users\User\Desktop\DefectRAG\data\mvtec_loco_ad\breakfast_box\test\structural_anomalies\051.png,C:\Users\User\Desktop\DefectRAG\data\mvtec_loco_ad\breakfast_box\ground_truth\structural_anomalies\051\000.png,0.1395135521888733,2,3,0.9976379859026385,0.04536983240223464,0.17378523109189523,0.661393055270187
breakfast_box,structural_anomalies,C:\Users\User\Desktop\DefectRAG\data\mvtec_loco_ad\breakfast_box\test\structural_anomalies\052.png,C:\Users\User\Desktop\DefectRAG\data\mvtec_loco_ad\breakfast_box\ground_truth\structural_anomalies\052\000.png,0.08305585384368896,3,2,0.8525269064774991,0.006115026562394127,0.015983592469951992,0.03876641440579103
breakfast_box,structural_anomalies,C:\Users\User\Desktop\DefectRAG\data\mvtec_loco_ad\breakfast_box\test\structural_anomalies\053.png,C:\Users\User\Desktop\DefectRAG\data\mvtec_loco_ad\breakfast_box\ground_truth\structural_anomalies\053\000.png,0.09451431035995483,6,5,0.9499622951753155,0.01865285878603669,0.0577702483626224,0.2947965376579445
breakfast_box,structural_anomalies,C:\Users\User\Desktop\DefectRAG\data\mvtec_loco_ad\breakfast_box\test\structural_anomalies\054.png,C:\Users\User\Desktop\DefectRAG\data\mvtec_loco_ad\breakfast_box\ground_truth\structural_anomalies\054\000.png,0.10452687740325928,11,8,0.926478656912668,0.0055099544543715405,0.017080586787079792,0.0
breakfast_box,structural_anomalies,C:\Users\User\Desktop\DefectRAG\data\mvtec_loco_ad\breakfast_box\test\structural_anomalies\055.png,C:\Users\User\Desktop\DefectRAG\data\mvtec_loco_ad\breakfast_box\ground_truth\structural_anomalies\055\000.png,0.08999359607696533,8,8,0.7013600544200266,0.004907820835057911,0.0,0.0
breakfast_box,structural_anomalies,C:\Users\User\Desktop\DefectRAG\data\mvtec_loco_ad\breakfast_box\test\structural_anomalies\056.png,C:\Users\User\Desktop\DefectRAG\data\mvtec_loco_ad\breakfast_box\ground_truth\structural_anomalies\056\000.png,0.12529826164245605,12,4,0.9927182693952621,0.016530576156942697,0.20933813702132606,0.3095688748685594
breakfast_box,structural_anomalies,C:\Users\User\Desktop\DefectRAG\data\mvtec_loco_ad\breakfast_box\test\structural_anomalies\057.png,C:\Users\User\Desktop\DefectRAG\data\mvtec_loco_ad\breakfast_box\ground_truth\structural_anomalies\057\000.png,0.09350544214248657,9,10,0.7180123211372306,0.013064378188681471,0.0,0.0
breakfast_box,structural_anomalies,C:\Users\User\Desktop\DefectRAG\data\mvtec_loco_ad\breakfast_box\test\structural_anomalies\058.png,C:\Users\User\Desktop\DefectRAG\data\mvtec_loco_ad\breakfast_box\ground_truth\structural_anomalies\058\000.png,0.08034223318099976,10,8,0.9015451779074666,0.006408287914212024,0.023142470836084648,0.0
breakfast_box,structural_anomalies,C:\Users\User\Desktop\DefectRAG\data\mvtec_loco_ad\breakfast_box\test\structural_anomalies\059.png,C:\Users\User\Desktop\DefectRAG\data\mvtec_loco_ad\breakfast_box\ground_truth\structural_anomalies\059\000.png,0.1225014328956604,2,2,0.9926459282738067,0.012538624206381294,0.11964820460247659,0.21300752807602122
breakfast_box,structural_anomalies,C:\Users\User\Desktop\DefectRAG\data\mvtec_loco_ad\breakfast_box\test\structural_anomalies\060.png,C:\Users\User\Desktop\DefectRAG\data\mvtec_loco_ad\breakfast_box\ground_truth\structural_anomalies\060\000.png,0.0829315185546875,8,11,0.8822469796887538,0.0030288325253563825,0.008800192085411001,0.0
breakfast_box,structural_anomalies,C:\Users\User\Desktop\DefectRAG\data\mvtec_loco_ad\breakfast_box\test\structural_anomalies\061.png,C:\Users\User\Desktop\DefectRAG\data\mvtec_loco_ad\breakfast_box\ground_truth\structural_anomalies\061\000.png,0.06983691453933716,11,8,0.807812787417309,0.001267257682227477,0.0,0.0
breakfast_box,structural_anomalies,C:\Users\User\Desktop\DefectRAG\data\mvtec_loco_ad\breakfast_box\test\structural_anomalies\062.png,C:\Users\User\Desktop\DefectRAG\data\mvtec_loco_ad\breakfast_box\ground_truth\structural_anomalies\062\000.png,0.10801970958709717,10,2,0.9841408893208538,0.029852887204908585,0.0894976637778941,0.34446640316205535
breakfast_box,structural_anomalies,C:\Users\User\Desktop\DefectRAG\data\mvtec_loco_ad\breakfast_box\test\structural_anomalies\063.png,C:\Users\User\Desktop\DefectRAG\data\mvtec_loco_ad\breakfast_box\ground_truth\structural_anomalies\063\000.png,0.06604146957397461,8,8,0.8852268015167837,0.0025349321540959844,0.004880711386206824,0.0
breakfast_box,structural_anomalies,C:\Users\User\Desktop\DefectRAG\data\mvtec_loco_ad\breakfast_box\test\structural_anomalies\064.png,C:\Users\User\Desktop\DefectRAG\data\mvtec_loco_ad\breakfast_box\ground_truth\structural_anomalies\064\000.png,0.08353716135025024,7,8,0.8628967087442172,0.006520324077279966,0.017813622243710164,0.0
breakfast_box,structural_anomalies,C:\Users\User\Desktop\DefectRAG\data\mvtec_loco_ad\breakfast_box\test\structural_anomalies\065.png,C:\Users\User\Desktop\DefectRAG\data\mvtec_loco_ad\breakfast_box\ground_truth\structural_anomalies\065\000.png,0.08904486894607544,6,4,0.9551631625552048,0.004346591570274862,0.014078009479816193,0.032752278501813954
breakfast_box,structural_anomalies,C:\Users\User\Desktop\DefectRAG\data\mvtec_loco_ad\breakfast_box\test\structural_anomalies\066.png,C:\Users\User\Desktop\DefectRAG\data\mvtec_loco_ad\breakfast_box\ground_truth\structural_anomalies\066\000.png,0.06647974252700806,10,8,0.8836586351145581,0.007207814732858049,0.020357642342699444,0.0
breakfast_box,structural_anomalies,C:\Users\User\Desktop\DefectRAG\data\mvtec_loco_ad\breakfast_box\test\structural_anomalies\067.png,C:\Users\User\Desktop\DefectRAG\data\mvtec_loco_ad\breakfast_box\ground_truth\structural_anomalies\067\000.png,0.07586205005645752,9,7,0.7778285591696382,0.011876981990067611,0.010601979147766132,0.0
breakfast_box,structural_anomalies,C:\Users\User\Desktop\DefectRAG\data\mvtec_loco_ad\breakfast_box\test\structural_anomalies\068.png,C:\Users\User\Desktop\DefectRAG\data\mvtec_loco_ad\breakfast_box\ground_truth\structural_anomalies\068\000.png,0.07655477523803711,8,7,0.9088780899082307,0.007862874908338266,0.027814156339959723,0.004350644356796783
breakfast_box,structural_anomalies,C:\Users\User\Desktop\DefectRAG\data\mvtec_loco_ad\breakfast_box\test\structural_anomalies\069.png,C:\Users\User\Desktop\DefectRAG\data\mvtec_loco_ad\breakfast_box\ground_truth\structural_anomalies\069\000.png,0.0723828673362732,7,10,0.885837939552419,0.007052597852656038,0.021814952270601866,0.00019576515759095185
breakfast_box,structural_anomalies,C:\Users\User\Desktop\DefectRAG\data\mvtec_loco_ad\breakfast_box\test\structural_anomalies\070.png,C:\Users\User\Desktop\DefectRAG\data\mvtec_loco_ad\breakfast_box\ground_truth\structural_anomalies\070\000.png,0.1849989891052246,2,2,0.9983693490538209,0.16952504148398692,0.8172238319710533,0.48418990765786774
breakfast_box,structural_anomalies,C:\Users\User\Desktop\DefectRAG\data\mvtec_loco_ad\breakfast_box\test\structural_anomalies\071.png,C:\Users\User\Desktop\DefectRAG\data\mvtec_loco_ad\breakfast_box\ground_truth\structural_anomalies\071\000.png,0.07693171501159668,8,12,0.8994947602429546,0.0037964451668757396,0.012634735600333692,0.0
breakfast_box,structural_anomalies,C:\Users\User\Desktop\DefectRAG\data\mvtec_loco_ad\breakfast_box\test\structural_anomalies\072.png,C:\Users\User\Desktop\DefectRAG\data\mvtec_loco_ad\breakfast_box\ground_truth\structural_anomalies\072\000.png,0.06447708606719971,9,11,0.9035114184300548,0.007096346342049688,0.019807320339235233,0.011589385060031758
breakfast_box,structural_anomalies,C:\Users\User\Desktop\DefectRAG\data\mvtec_loco_ad\breakfast_box\test\structural_anomalies\073.png,C:\Users\User\Desktop\DefectRAG\data\mvtec_loco_ad\breakfast_box\ground_truth\structural_anomalies\073\000.png,0.07775735855102539,8,10,0.8604856691969907,0.006953607907883022,0.0,0.0
breakfast_box,structural_anomalies,C:\Users\User\Desktop\DefectRAG\data\mvtec_loco_ad\breakfast_box\test\structural_anomalies\074.png,C:\Users\User\Desktop\DefectRAG\data\mvtec_loco_ad\breakfast_box\ground_truth\structural_anomalies\074\000.png,0.08103269338607788,10,8,0.8916933700574976,0.0032249823422448643,0.011507220216606499,0.0
breakfast_box,structural_anomalies,C:\Users\User\Desktop\DefectRAG\data\mvtec_loco_ad\breakfast_box\test\structural_anomalies\075.png,C:\Users\User\Desktop\DefectRAG\data\mvtec_loco_ad\breakfast_box\ground_truth\structural_anomalies\075\000.png,0.13359451293945312,1,7,0.995878109628104,0.8185322834186176,0.7407242091989682,0.015414545879229318
breakfast_box,structural_anomalies,C:\Users\User\Desktop\DefectRAG\data\mvtec_loco_ad\breakfast_box\test\structural_anomalies\076.png,C:\Users\User\Desktop\DefectRAG\data\mvtec_loco_ad\breakfast_box\ground_truth\structural_anomalies\076\000.png,0.17959904670715332,1,6,0.9936885089348922,0.9017197816960082,0.1952347250330475,0.010232238137410614
breakfast_box,structural_anomalies,C:\Users\User\Desktop\DefectRAG\data\mvtec_loco_ad\breakfast_box\test\structural_anomalies\077.png,C:\Users\User\Desktop\DefectRAG\data\mvtec_loco_ad\breakfast_box\ground_truth\structural_anomalies\077\000.png,0.14347243309020996,1,7,0.9932501987058048,0.7456923618537439,0.8543583650602306,0.11518085293046477
breakfast_box,structural_anomalies,C:\Users\User\Desktop\DefectRAG\data\mvtec_loco_ad\breakfast_box\test\structural_anomalies\078.png,C:\Users\User\Desktop\DefectRAG\data\mvtec_loco_ad\breakfast_box\ground_truth\structural_anomalies\078\000.png,0.12242060899734497,1,7,0.9910353362149653,0.7731107971270458,0.7898470920852021,0.08085927267386311
breakfast_box,structural_anomalies,C:\Users\User\Desktop\DefectRAG\data\mvtec_loco_ad\breakfast_box\test\structural_anomalies\079.png,C:\Users\User\Desktop\DefectRAG\data\mvtec_loco_ad\breakfast_box\ground_truth\structural_anomalies\079\000.png,0.15407532453536987,1,6,0.9816351557839275,0.8374975253430256,0.4335021017126955,0.06643059233743749
breakfast_box,structural_anomalies,C:\Users\User\Desktop\DefectRAG\data\mvtec_loco_ad\breakfast_box\test\structural_anomalies\080.png,C:\Users\User\Desktop\DefectRAG\data\mvtec_loco_ad\breakfast_box\ground_truth\structural_anomalies\080\000.png,0.12928235530853271,1,9,0.9901586342831336,0.7184216010880472,0.803453228607055,0.11704302013032608
breakfast_box,structural_anomalies,C:\Users\User\Desktop\DefectRAG\data\mvtec_loco_ad\breakfast_box\test\structural_anomalies\081.png,C:\Users\User\Desktop\DefectRAG\data\mvtec_loco_ad\breakfast_box\ground_truth\structural_anomalies\081\000.png,0.13548433780670166,1,9,0.9896290660349796,0.7177240982949895,0.8128472635085046,0.1378793493303487
breakfast_box,structural_anomalies,C:\Users\User\Desktop\DefectRAG\data\mvtec_loco_ad\breakfast_box\test\structural_anomalies\082.png,C:\Users\User\Desktop\DefectRAG\data\mvtec_loco_ad\breakfast_box\ground_truth\structural_anomalies\082\000.png,0.1203240156173706,1,10,0.994287197009811,0.7754869585692297,0.861040803270937,0.19473924956679417
breakfast_box,structural_anomalies,C:\Users\User\Desktop\DefectRAG\data\mvtec_loco_ad\breakfast_box\test\structural_anomalies\083.png,C:\Users\User\Desktop\DefectRAG\data\mvtec_loco_ad\breakfast_box\ground_truth\structural_anomalies\083\000.png,0.08408695459365845,11,9,0.9917908137995883,0.24145978104001067,0.8286717219840135,0.39423933044458953
breakfast_box,structural_anomalies,C:\Users\User\Desktop\DefectRAG\data\mvtec_loco_ad\breakfast_box\test\structural_anomalies\084.png,C:\Users\User\Desktop\DefectRAG\data\mvtec_loco_ad\breakfast_box\ground_truth\structural_anomalies\084\000.png,0.10432571172714233,12,8,0.9843887808237135,0.29295941435098655,0.8296379471843892,0.14848625607093316
breakfast_box,structural_anomalies,C:\Users\User\Desktop\DefectRAG\data\mvtec_loco_ad\breakfast_box\test\structural_anomalies\085.png,C:\Users\User\Desktop\DefectRAG\data\mvtec_loco_ad\breakfast_box\ground_truth\structural_anomalies\085\000.png,0.095608651638031,12,10,0.974152057610944,0.3013456816981073,0.6974874823774622,0.058960785171573986
breakfast_box,structural_anomalies,C:\Users\User\Desktop\DefectRAG\data\mvtec_loco_ad\breakfast_box\test\structural_anomalies\086.png,C:\Users\User\Desktop\DefectRAG\data\mvtec_loco_ad\breakfast_box\ground_truth\structural_anomalies\086\000.png,0.09813535213470459,8,7,0.9892667066904272,0.26922487836618,0.7814522443329034,0.09141444098881016
breakfast_box,structural_anomalies,C:\Users\User\Desktop\DefectRAG\data\mvtec_loco_ad\breakfast_box\test\structural_anomalies\087.png,C:\Users\User\Desktop\DefectRAG\data\mvtec_loco_ad\breakfast_box\ground_truth\structural_anomalies\087\000.png,0.08356994390487671,10,10,0.98285589766768,0.3110330063395149,0.7826854367990784,0.20137449513134412
breakfast_box,structural_anomalies,C:\Users\User\Desktop\DefectRAG\data\mvtec_loco_ad\breakfast_box\test\structural_anomalies\088.png,C:\Users\User\Desktop\DefectRAG\data\mvtec_loco_ad\breakfast_box\ground_truth\structural_anomalies\088\000.png,0.09922802448272705,12,8,0.988163086729138,0.2634405339211844,0.8205490064969091,0.18126928210804233
breakfast_box,structural_anomalies,C:\Users\User\Desktop\DefectRAG\data\mvtec_loco_ad\breakfast_box\test\structural_anomalies\089.png,C:\Users\User\Desktop\DefectRAG\data\mvtec_loco_ad\breakfast_box\ground_truth\structural_anomalies\089\000.png,0.08543658256530762,12,10,0.9750607693369897,0.2971013650158451,0.5040053468429381,0.38186310368431414
